,,,,,,NaiveBayesSimple,,,,,,,,,,,,,,,,,,,,,,,,,,,,,,,,,,,,,,,,,,,,,,,,,,,,,,,,,,,,,,,
,,,,,,,,,,,,,,,,,,,,,,,,,,,,,,,,,,,,,,,,,,,,,,,,,,,,,,,,,,,,,,,,,,,,,
Key_Dataset,Key_Run,Key_Fold,Key_Scheme,Key_Scheme_options,Key_Scheme_version_ID,Date_time,Number_of_training_instances,Number_of_testing_instances,Number_correct,Number_incorrect,Number_unclassified,Percent_correct,Percent_incorrect,Percent_unclassified,Kappa_statistic,Mean_absolute_error,Root_mean_squared_error,Relative_absolute_error,Root_relative_squared_error,SF_prior_entropy,SF_scheme_entropy,SF_entropy_gain,SF_mean_prior_entropy,SF_mean_scheme_entropy,SF_mean_entropy_gain,KB_information,KB_mean_information,KB_relative_information,True_positive_rate,Num_true_positives,False_positive_rate,Num_false_positives,True_negative_rate,Num_true_negatives,False_negative_rate,Num_false_negatives,IR_precision,IR_recall,F_measure,Matthews_correlation,Area_under_ROC,Area_under_PRC,Weighted_avg_true_positive_rate,Weighted_avg_false_positive_rate,Weighted_avg_true_negative_rate,Weighted_avg_false_negative_rate,Weighted_avg_IR_precision,Weighted_avg_IR_recall,Weighted_avg_F_measure,Weighted_avg_matthews_correlation,Weighted_avg_area_under_ROC,Weighted_avg_area_under_PRC,Unweighted_macro_avg_F_measure,Unweighted_micro_avg_F_measure,Elapsed_Time_training,Elapsed_Time_testing,UserCPU_Time_training,UserCPU_Time_testing,UserCPU_Time_millis_training,UserCPU_Time_millis_testing,Serialized_Model_Size,Serialized_Train_Set_Size,Serialized_Test_Set_Size,Coverage_of_Test_Cases_By_Regions,Size_of_Predicted_Regions,Summary,,,
data,1,1,weka.classifiers.bayes.NaiveBayesSimple,'',-1.48E+18,20201212.07,817,91,90,1,0,98.901099,1.098901,0,0.978025,0.007624,0.085649,2.25312,20.850095,110.586637,23.161059,87.425578,1.215238,0.254517,0.960721,106.730173,1.172859,96.512722,1,58,0.030303,1,0.969697,32,0,0,0.983051,1,0.991453,0.976351,0.999478,0.999708,0.989011,0.019314,0.980686,0.010989,0.989197,0.989011,0.988635,0.978801,0.997966,0.992671,0.97151,0.989011,0.008,0.004,0.015625,0,15.625,0,3316,110390,13832,98.901099,33.333333,?,,,
data,1,2,weka.classifiers.bayes.NaiveBayesSimple,'',-1.48E+18,20201212.07,817,91,91,0,0,100,0,0,1,0.002066,0.023963,0.610448,5.833351,110.586637,0.476748,110.109888,1.215238,0.005239,1.209999,110.109888,1.209999,99.568892,1,58,0,0,1,33,0,0,1,1,1,1,1,1,1,0,1,0,1,1,1,1,1,1,1,1,0.005,0.001,0,0,0,0,3316,110390,13832,100,33.699634,?,,,
data,1,3,weka.classifiers.bayes.NaiveBayesSimple,'',-1.48E+18,20201212.07,817,91,88,3,0,96.703297,3.296703,0,0.934673,0.022243,0.148263,6.573281,36.092498,110.586637,88.658136,21.928501,1.215238,0.974265,0.240973,102.164235,1.122684,92.383888,1,58,0.030303,1,0.969697,32,0,0,0.983051,1,0.991453,0.976351,0.989028,0.992495,0.967033,0.021146,0.978854,0.032967,0.969966,0.967033,0.967739,0.95299,0.985675,0.963268,0.917151,0.967033,0.006,0.001,0,0,0,0,3316,110390,13832,96.703297,33.333333,?,,,
data,1,4,weka.classifiers.bayes.NaiveBayesSimple,'',-1.48E+18,20201212.07,817,91,88,3,0,96.703297,3.296703,0,0.93623,0.022215,0.148055,6.564847,36.041946,110.586637,64.909755,45.676882,1.215238,0.713294,0.501944,103.858748,1.141305,93.916183,0.982759,57,0,0,1,33,0.017241,1,1,0.982759,0.991304,0.976654,1,1,0.967033,0.002747,0.997253,0.032967,0.976923,0.967033,0.969454,0.956059,0.997977,0.981112,0.924945,0.967033,0.004,0,0,0,0,0,3316,110390,13832,96.703297,33.333333,?,,,
data,1,5,weka.classifiers.bayes.NaiveBayesSimple,'',-1.48E+18,20201212.07,817,91,84,7,0,92.307692,7.692308,0,0.851203,0.051347,0.226343,15.174038,55.099936,110.586637,186.032378,-75.445741,1.215238,2.044312,-0.829074,91.905274,1.009948,83.107035,0.965517,56,0.030303,1,0.969697,32,0.034483,2,0.982456,0.965517,0.973913,0.929405,0.992685,0.996217,0.923077,0.028288,0.971712,0.076923,0.938452,0.923077,0.928842,0.889886,0.990115,0.959835,0.827383,0.923077,0.003,0.001,0.015625,0,15.625,0,3316,110390,13832,92.307692,33.333333,?,,,
data,1,6,weka.classifiers.bayes.NaiveBayesSimple,'',-1.48E+18,20201212.07,817,91,89,2,0,97.802198,2.197802,0,0.956913,0.017081,0.122631,5.047618,29.852757,110.586637,50.910655,59.675981,1.215238,0.559458,0.65578,104.158783,1.144602,94.187495,0.982759,57,0,0,1,33,0.017241,1,1,0.982759,0.991304,0.976654,0.996865,0.998384,0.978022,0.005311,0.994689,0.021978,0.978429,0.978022,0.978078,0.96571,0.996786,0.978617,0.943193,0.978022,0.003,0.002,0,0.015625,0,15.625,3316,110390,13832,97.802198,34.065934,?,,,
data,1,7,weka.classifiers.bayes.NaiveBayesSimple,'',-1.48E+18,20201212.07,817,91,91,0,0,100,0,0,1,0.000568,0.00395,0.167984,0.961554,110.586637,0.113514,110.473123,1.215238,0.001247,1.21399,110.473123,1.21399,99.897353,1,58,0,0,1,33,0,0,1,1,1,1,1,1,1,0,1,0,1,1,1,1,1,1,1,1,0.001,0.001,0,0,0,0,3316,110390,13832,100,33.333333,?,,,
data,1,8,weka.classifiers.bayes.NaiveBayesSimple,'',-1.48E+18,20201212.07,817,91,91,0,0,100,0,0,1,0.000451,0.004762,0.132352,1.150495,111.733776,0.091107,111.642669,1.227844,0.001001,1.226843,111.642669,1.226843,99.918461,1,57,0,0,1,34,0,0,1,1,1,1,1,1,1,0,1,0,1,1,1,1,1,1,1,1,0.002,0,0,0,0,0,3316,110390,13832,100,33.699634,?,,,
data,1,9,weka.classifiers.bayes.NaiveBayesSimple,'',-1.48E+18,20201212.07,818,90,90,0,0,100,0,0,1,0.0001,0.000524,0.02933,0.127059,109.929783,0.019411,109.910372,1.221442,0.000216,1.221226,109.910372,1.221226,99.982343,1,57,0,0,1,33,0,0,1,1,1,1,1,1,1,0,1,0,1,1,1,1,1,1,1,1,0.003,0,0,0,0,0,3316,110523,13699,100,33.333333,?,,,
data,1,10,weka.classifiers.bayes.NaiveBayesSimple,'',-1.48E+18,20201212.07,818,90,88,2,0,97.777778,2.222222,0,0.956574,0.014885,0.121717,4.386552,29.538423,109.929783,215.396585,-105.466803,1.221442,2.393295,-1.171853,105.520093,1.172445,95.988631,0.982456,56,0.030303,1,0.969697,32,0.017544,1,0.982456,0.982456,0.982456,0.952153,0.97714,0.978255,0.977778,0.020129,0.979871,0.022222,0.979167,0.977778,0.978039,0.956436,0.981301,0.976308,0.965394,0.977778,0.001,0,0,0,0,0,3316,110523,13699,97.777778,33.333333,?,,,
data,2,1,weka.classifiers.bayes.NaiveBayesSimple,'',-1.48E+18,20201212.07,817,91,89,2,0,97.802198,2.197802,0,0.957427,0.01499,0.121053,4.429754,29.468582,110.586637,61.658688,48.927949,1.215238,0.677568,0.53767,106.303492,1.16817,96.126888,0.965517,56,0,0,1,33,0.034483,2,1,0.965517,0.982456,0.95412,0.99791,0.998888,0.978022,0.005311,0.994689,0.021978,0.979803,0.978022,0.978299,0.957854,0.996547,0.990735,0.965641,0.978022,0.003,0,0,0,0,0,3316,110390,13832,97.802198,33.333333,?,,,
data,2,2,weka.classifiers.bayes.NaiveBayesSimple,'',-1.48E+18,20201212.07,817,91,86,5,0,94.505495,5.494505,0,0.887876,0.036782,0.191194,10.869758,46.543553,110.586637,106.047517,4.539119,1.215238,1.165357,0.04988,94.593355,1.039487,85.537781,1,58,0.090909,3,0.909091,30,0,0,0.95082,1,0.97479,0.929721,0.984848,0.989483,0.945055,0.063253,0.936747,0.054945,0.941841,0.945055,0.941484,0.905365,0.982526,0.96885,0.860878,0.945055,0.003,0.001,0,0,0,0,3316,110390,13832,94.505495,33.333333,?,,,
data,2,3,weka.classifiers.bayes.NaiveBayesSimple,'',-1.48E+18,20201212.07,817,91,87,4,0,95.604396,4.395604,0,0.915349,0.029352,0.171183,8.673973,41.672151,110.586637,136.11852,-25.531884,1.215238,1.495808,-0.28057,101.609954,1.116593,91.88267,0.982759,57,0,0,1,33,0.017241,1,1,0.982759,0.991304,0.976654,0.99582,0.99791,0.956044,0.003663,0.996337,0.043956,0.972028,0.956044,0.959871,0.945099,0.994021,0.971695,0.902619,0.956044,0.002,0,0.015625,0,15.625,0,3316,110390,13832,95.604396,33.333333,?,,,
data,2,4,weka.classifiers.bayes.NaiveBayesSimple,'',-1.48E+18,20201212.07,817,91,88,3,0,96.703297,3.296703,0,0.93517,0.021622,0.143308,6.389532,34.886383,110.586637,41.381053,69.205583,1.215238,0.454737,0.760501,102.293947,1.124109,92.501183,1,58,0,0,1,33,0,0,1,1,1,1,1,1,0.967033,0.006227,0.993773,0.032967,0.969341,0.967033,0.967809,0.960151,0.997039,0.974347,0.913725,0.967033,0.003,0.001,0,0,0,0,3316,110390,13832,97.802198,33.699634,?,,,
data,2,5,weka.classifiers.bayes.NaiveBayesSimple,'',-1.48E+18,20201212.07,817,91,91,0,0,100,0,0,1,0.000814,0.008646,0.240587,2.104731,110.586637,0.168218,110.418418,1.215238,0.001849,1.213389,110.418418,1.213389,99.847885,1,58,0,0,1,33,0,0,1,1,1,1,1,1,1,0,1,0,1,1,1,1,1,1,1,1,0.002,0,0.015625,0,15.625,0,3316,110390,13832,100,33.699634,?,,,
data,2,6,weka.classifiers.bayes.NaiveBayesSimple,'',-1.48E+18,20201212.07,817,91,91,0,0,100,0,0,1,0.000086,0.000419,0.025388,0.101934,110.586637,0.016936,110.569701,1.215238,0.000186,1.215052,110.569701,1.215052,99.984686,1,58,0,0,1,33,0,0,1,1,1,1,1,1,1,0,1,0,1,1,1,1,1,1,1,1,0.002,0.001,0,0,0,0,3316,110390,13832,100,33.333333,?,,,
data,2,7,weka.classifiers.bayes.NaiveBayesSimple,'',-1.48E+18,20201212.07,817,91,89,2,0,97.802198,2.197802,0,0.956584,0.016919,0.12387,4.999898,30.154398,110.586637,73.42389,37.162746,1.215238,0.806856,0.408382,104.147535,1.144478,94.177324,0.982759,57,0.030303,1,0.969697,32,0.017241,1,0.982759,0.982759,0.982759,0.952456,0.996343,0.998143,0.978022,0.02023,0.97977,0.021978,0.978022,0.978022,0.978022,0.957792,0.996622,0.978871,0.946634,0.978022,0.002,0,0,0,0,0,3316,110390,13832,97.802198,33.699634,?,,,
data,2,8,weka.classifiers.bayes.NaiveBayesSimple,'',-1.48E+18,20201212.07,817,91,90,1,0,98.901099,1.098901,0,0.978708,0.008371,0.086172,2.457318,20.820625,111.733776,9.528601,102.205175,1.227844,0.10471,1.123134,109.224584,1.20027,97.754312,1,57,0,0,1,34,0,0,1,1,1,1,1,1,0.989011,0.000916,0.999084,0.010989,0.990385,0.989011,0.989274,0.986808,0.999092,0.994126,0.971488,0.989011,0.002,0,0,0,0,0,3316,110390,13832,98.901099,33.699634,?,,,
data,2,9,weka.classifiers.bayes.NaiveBayesSimple,'',-1.48E+18,20201212.07,818,90,89,1,0,98.888889,1.111111,0,0.978448,0.008619,0.087083,2.540033,21.133361,109.929783,44.399393,65.53039,1.221442,0.493327,0.728115,107.566121,1.195179,97.849844,0.982456,56,0,0,1,33,0.017544,1,1,0.982456,0.99115,0.976504,0.99681,0.998329,0.988889,0.000937,0.999063,0.011111,0.990278,0.988889,0.98921,0.979656,0.997578,0.994114,0.974828,0.988889,0.002,0.001,0,0,0,0,3316,110523,13699,98.888889,33.703704,?,,,
data,2,10,weka.classifiers.bayes.NaiveBayesSimple,'',-1.48E+18,20201212.07,818,90,89,1,0,98.888889,1.111111,0,0.978022,0.007479,0.086069,2.204021,20.887268,109.929783,166.174782,-56.244999,1.221442,1.846386,-0.624944,107.628303,1.19587,97.906409,1,57,0.030303,1,0.969697,32,0,0,0.982759,1,0.991304,0.976206,0.979266,0.980728,0.988889,0.019192,0.980808,0.011111,0.98908,0.988889,0.988828,0.977133,0.983049,0.982702,0.990566,0.988889,0.002,0.002,0,0,0,0,3316,110523,13699,98.888889,33.333333,?,,,
data,3,1,weka.classifiers.bayes.NaiveBayesSimple,'',-1.48E+18,20201212.07,817,91,88,3,0,96.703297,3.296703,0,0.936571,0.022022,0.148097,6.464398,35.782525,111.733776,44.320956,67.41282,1.227844,0.487043,0.7408,103.528489,1.137676,92.656394,0.982456,56,0,0,1,34,0.017544,1,1,0.982456,0.99115,0.976927,1,1,0.967033,0.006467,0.993533,0.032967,0.96978,0.967033,0.968083,0.953322,0.998267,0.98607,0.918038,0.967033,0.003,0,0,0,0,0,3316,110390,13832,96.703297,33.333333,?,,,
data,3,2,weka.classifiers.bayes.NaiveBayesSimple,'',-1.48E+18,20201212.07,817,91,90,1,0,98.901099,1.098901,0,0.97839,0.010286,0.089464,3.03967,21.778772,110.586637,28.915543,81.671094,1.215238,0.317753,0.897485,107.635469,1.182807,97.331352,1,58,0,0,1,33,0,0,1,1,1,1,1,1,0.989011,0.000916,0.999084,0.010989,0.990385,0.989011,0.98927,0.986923,0.99867,0.988815,0.971242,0.989011,0.003,0,0,0,0,0,3316,110390,13832,98.901099,34.065934,?,,,
data,3,3,weka.classifiers.bayes.NaiveBayesSimple,'',-1.48E+18,20201212.07,817,91,89,2,0,97.802198,2.197802,0,0.957297,0.01408,0.114812,4.160766,27.949239,110.586637,51.368363,59.218274,1.215238,0.564488,0.65075,106.313675,1.168282,96.136096,0.982759,57,0,0,1,33,0.017241,1,1,0.982759,0.991304,0.976654,0.997388,0.998632,0.978022,0.001832,0.998168,0.021978,0.982906,0.978022,0.97924,0.967546,0.998073,0.996184,0.948899,0.978022,0.003,0,0,0,0,0,3316,110390,13832,98.901099,33.699634,?,,,
data,3,4,weka.classifiers.bayes.NaiveBayesSimple,'',-1.48E+18,20201212.07,817,91,89,2,0,97.802198,2.197802,0,0.95625,0.014781,0.120957,4.368033,29.445328,110.586637,34.885589,75.701048,1.215238,0.383358,0.83188,104.477815,1.148108,94.475986,1,58,0.030303,1,0.969697,32,0,0,0.983051,1,0.991453,0.976351,1,1,0.978022,0.02023,0.97977,0.021978,0.978208,0.978022,0.977961,0.965343,0.99867,0.988815,0.942996,0.978022,0.003,0,0,0,0,0,3316,110390,13832,97.802198,33.333333,?,,,
data,3,5,weka.classifiers.bayes.NaiveBayesSimple,'',-1.48E+18,20201212.07,817,91,89,2,0,97.802198,2.197802,0,0.956584,0.01468,0.120979,4.338308,29.450605,110.586637,22.29346,88.293176,1.215238,0.244983,0.970255,104.497832,1.148328,94.494087,1,58,0,0,1,33,0,0,1,1,1,1,1,1,0.978022,0.005311,0.994689,0.021978,0.978022,0.978022,0.978022,0.972711,0.998501,0.990071,0.93956,0.978022,0.002,0.001,0.015625,0,15.625,0,3316,110390,13832,97.802198,33.333333,?,,,
data,3,6,weka.classifiers.bayes.NaiveBayesSimple,'',-1.48E+18,20201212.07,817,91,90,1,0,98.901099,1.098901,0,0.978025,0.009277,0.087294,2.741366,21.25054,110.586637,43.247857,67.338779,1.215238,0.475251,0.739987,106.372545,1.168929,96.18933,1,58,0.030303,1,0.969697,32,0,0,0.983051,1,0.991453,0.976351,0.989551,0.992937,0.989011,0.019314,0.980686,0.010989,0.989197,0.989011,0.988635,0.978801,0.98863,0.986298,0.97151,0.989011,0.001,0,0,0,0,0,3316,110390,13832,98.901099,33.699634,?,,,
data,3,7,weka.classifiers.bayes.NaiveBayesSimple,'',-1.48E+18,20201212.07,817,91,88,3,0,96.703297,3.296703,0,0.93517,0.022433,0.148337,6.629258,36.110546,110.586637,111.012013,-0.425376,1.215238,1.219912,-0.004674,102.30343,1.124214,92.509758,0.982759,57,0.030303,1,0.969697,32,0.017241,1,0.982759,0.982759,0.982759,0.952456,0.994775,0.99731,0.967033,0.021146,0.978854,0.032967,0.96978,0.967033,0.968024,0.945418,0.993677,0.970444,0.92105,0.967033,0.002,0,0,0,0,0,3316,110390,13832,96.703297,33.699634,?,,,
data,3,8,weka.classifiers.bayes.NaiveBayesSimple,'',-1.48E+18,20201212.07,817,91,89,2,0,97.802198,2.197802,0,0.95678,0.014694,0.121046,4.342318,29.46687,110.586637,226.632645,-116.046008,1.215238,2.490469,-1.275231,106.184102,1.166858,96.018927,0.982759,57,0.030303,1,0.969697,32,0.017241,1,0.982759,0.982759,0.982759,0.952456,0.976489,0.980653,0.978022,0.02023,0.97977,0.021978,0.979396,0.978022,0.978281,0.95662,0.980549,0.963882,0.965495,0.978022,0.002,0,0,0,0,0,3316,110390,13832,97.802198,33.333333,?,,,
data,3,9,weka.classifiers.bayes.NaiveBayesSimple,'',-1.48E+18,20201212.07,818,90,88,2,0,97.777778,2.222222,0,0.957092,0.014886,0.120999,4.386905,29.364243,109.929783,50.552653,59.37713,1.221442,0.561696,0.659746,105.519932,1.172444,95.988484,0.982456,56,0,0,1,33,0.017544,1,1,0.982456,0.99115,0.976504,0.999468,0.999698,0.977778,0.001874,0.998126,0.022222,0.982716,0.977778,0.979009,0.967306,0.999128,0.992758,0.948848,0.977778,0.001,0.001,0,0,0,0,3316,110523,13699,97.777778,33.333333,?,,,
data,3,10,weka.classifiers.bayes.NaiveBayesSimple,'',-1.48E+18,20201212.07,818,90,90,0,0,100,0,0,1,0.000344,0.003757,0.101443,0.911818,109.929783,0.068458,109.861325,1.221442,0.000761,1.220681,109.861325,1.220681,99.937726,1,57,0,0,1,33,0,0,1,1,1,1,1,1,1,0,1,0,1,1,1,1,1,1,1,1,0.001,0,0,0,0,0,3316,110523,13699,100,33.333333,?,,,
data,4,1,weka.classifiers.bayes.NaiveBayesSimple,'',-1.48E+18,20201212.07,817,91,88,3,0,96.703297,3.296703,0,0.935659,0.022075,0.148167,6.523495,36.069249,110.586637,83.230699,27.355938,1.215238,0.914623,0.300615,102.376498,1.125016,92.575831,0.982759,57,0,0,1,33,0.017241,1,1,0.982759,0.991304,0.976654,0.996343,0.998143,0.967033,0.006227,0.993773,0.032967,0.96978,0.967033,0.968084,0.953135,0.995854,0.975248,0.917614,0.967033,0.002,0,0.015625,0,15.625,0,3316,110390,13832,96.703297,33.333333,?,,,
data,4,2,weka.classifiers.bayes.NaiveBayesSimple,'',-1.48E+18,20201212.07,817,91,89,2,0,97.802198,2.197802,0,0.957297,0.014709,0.121046,4.346782,29.46698,110.586637,90.216379,20.370258,1.215238,0.991389,0.223849,106.181106,1.166825,96.016218,0.982759,57,0,0,1,33,0.017241,1,1,0.982759,0.991304,0.976654,0.99582,0.99791,0.978022,0.001832,0.998168,0.021978,0.982906,0.978022,0.97924,0.967546,0.995444,0.984904,0.948899,0.978022,0.002,0,0,0,0,0,3316,110390,13832,97.802198,33.333333,?,,,
data,4,3,weka.classifiers.bayes.NaiveBayesSimple,'',-1.48E+18,20201212.07,817,91,89,2,0,97.802198,2.197802,0,0.956974,0.015134,0.120491,4.472466,29.331857,110.586637,33.482326,77.104311,1.215238,0.367938,0.8473,105.917382,1.163927,95.77774,1,58,0,0,1,33,0,0,1,1,1,1,1,1,0.978022,0.001832,0.998168,0.021978,0.982906,0.978022,0.978956,0.974767,0.99807,0.983354,0.945,0.978022,0.001,0,0,0,0,0,3316,110390,13832,97.802198,33.333333,?,,,
data,4,4,weka.classifiers.bayes.NaiveBayesSimple,'',-1.48E+18,20201212.07,817,91,89,2,0,97.802198,2.197802,0,0.956584,0.014735,0.121032,4.354405,29.463512,110.586637,67.724535,42.862102,1.215238,0.744226,0.471012,104.665808,1.150174,94.645982,0.982759,57,0.030303,1,0.969697,32,0.017241,1,0.982759,0.982759,0.982759,0.952456,0.996865,0.998288,0.978022,0.02023,0.97977,0.021978,0.978022,0.978022,0.978022,0.957792,0.995909,0.989846,0.946634,0.978022,0.001,0.001,0.015625,0,15.625,0,3316,110390,13832,97.802198,33.333333,?,,,
data,4,5,weka.classifiers.bayes.NaiveBayesSimple,'',-1.48E+18,20201212.07,817,91,89,2,0,97.802198,2.197802,0,0.95625,0.015075,0.106526,4.455028,25.932229,110.586637,50.416664,60.169972,1.215238,0.554029,0.661208,104.515504,1.148522,94.510067,1,58,0.030303,1,0.969697,32,0,0,0.983051,1,0.991453,0.976351,0.989551,0.992937,0.978022,0.02023,0.97977,0.021978,0.978208,0.978022,0.977961,0.965343,0.9885,0.986257,0.942996,0.978022,0.001,0.001,0,0,0,0,3316,110390,13832,98.901099,34.432234,?,,,
data,4,6,weka.classifiers.bayes.NaiveBayesSimple,'',-1.48E+18,20201212.07,817,91,90,1,0,98.901099,1.098901,0,0.97839,0.008392,0.086398,2.479919,21.032401,110.586637,26.20401,84.382626,1.215238,0.287956,0.927282,108.075217,1.18764,97.729002,1,58,0,0,1,33,0,0,1,1,1,1,1,1,0.989011,0.000916,0.999084,0.010989,0.990385,0.989011,0.98927,0.986923,0.998839,0.989143,0.971242,0.989011,0.001,0,0,0,0,0,3316,110390,13832,98.901099,33.699634,?,,,
data,4,7,weka.classifiers.bayes.NaiveBayesSimple,'',-1.48E+18,20201212.07,817,91,90,1,0,98.901099,1.098901,0,0.978125,0.007333,0.085592,2.166994,20.836187,110.586637,166.715963,-56.129326,1.215238,1.832044,-0.616806,108.298788,1.190097,97.931171,1,58,0.030303,1,0.969697,32,0,0,0.983051,1,0.991453,0.976351,0.980146,0.982451,0.989011,0.019314,0.980686,0.010989,0.989197,0.989011,0.98895,0.977248,0.982612,0.983117,0.990615,0.989011,0.002,0,0,0,0,0,3316,110390,13832,98.901099,33.333333,?,,,
data,4,8,weka.classifiers.bayes.NaiveBayesSimple,'',-1.48E+18,20201212.07,817,91,89,2,0,97.802198,2.197802,0,0.956913,0.016283,0.121995,4.779779,29.475884,111.733776,42.460657,69.27312,1.227844,0.466601,0.761243,105.299431,1.157137,94.24136,1,57,0.029412,1,0.970588,33,0,0,0.982759,1,0.991304,0.976654,1,1,0.978022,0.019339,0.980661,0.021978,0.978211,0.978022,0.977966,0.965678,0.998177,0.982313,0.943193,0.978022,0.001,0.001,0,0,0,0,3316,110390,13832,97.802198,33.699634,?,,,
data,4,9,weka.classifiers.bayes.NaiveBayesSimple,'',-1.48E+18,20201212.07,818,90,90,0,0,100,0,0,1,0.000273,0.002106,0.080502,0.510977,109.929783,0.05364,109.876142,1.221442,0.000596,1.220846,109.876142,1.220846,99.951205,1,57,0,0,1,33,0,0,1,1,1,1,1,1,1,0,1,0,1,1,1,1,1,1,1,1,0.002,0,0,0,0,0,3316,110523,13699,100,33.333333,?,,,
data,4,10,weka.classifiers.bayes.NaiveBayesSimple,'',-1.48E+18,20201212.07,818,90,88,2,0,97.777778,2.222222,0,0.9567,0.015015,0.121657,4.424878,29.523883,109.929783,54.13429,55.795493,1.221442,0.601492,0.61995,103.983558,1.155373,94.590888,0.982456,56,0,0,1,33,0.017544,1,1,0.982456,0.99115,0.976504,0.997873,0.99885,0.977778,0.005451,0.994549,0.022222,0.978189,0.977778,0.977833,0.965447,0.998385,0.996295,0.943142,0.977778,0.001,0.001,0,0,0,0,3316,110523,13699,97.777778,33.333333,?,,,
data,5,1,weka.classifiers.bayes.NaiveBayesSimple,'',-1.48E+18,20201212.07,817,91,91,0,0,100,0,0,1,0.000048,0.000374,0.014294,0.09104,110.586637,0.009539,110.577097,1.215238,0.000105,1.215133,110.577097,1.215133,99.991374,1,58,0,0,1,33,0,0,1,1,1,1,1,1,1,0,1,0,1,1,1,1,1,1,1,1,0.001,0.001,0,0,0,0,3316,110390,13832,100,33.333333,?,,,
data,5,2,weka.classifiers.bayes.NaiveBayesSimple,'',-1.48E+18,20201212.07,817,91,90,1,0,98.901099,1.098901,0,0.97839,0.00815,0.085894,2.408471,20.90976,110.586637,25.846256,84.740381,1.215238,0.284025,0.931213,108.132482,1.188269,97.780786,1,58,0,0,1,33,0,0,1,1,1,1,1,1,0.989011,0.000916,0.999084,0.010989,0.990385,0.989011,0.98927,0.986923,0.998839,0.989143,0.971242,0.989011,0.001,0.001,0,0,0,0,3316,110390,13832,98.901099,33.699634,?,,,
data,5,3,weka.classifiers.bayes.NaiveBayesSimple,'',-1.48E+18,20201212.07,817,91,90,1,0,98.901099,1.098901,0,0.978553,0.007569,0.085618,2.236908,20.842372,110.586637,45.266994,65.319643,1.215238,0.497439,0.717798,108.430474,1.191544,98.05025,0.982759,57,0,0,1,33,0.017241,1,1,0.982759,0.991304,0.976654,0.997388,0.998632,0.989011,0.000916,0.999084,0.010989,0.990385,0.989011,0.98933,0.979723,0.997943,0.994353,0.974879,0.989011,0.002,0,0.015625,0,15.625,0,3316,110390,13832,98.901099,33.333333,?,,,
data,5,4,weka.classifiers.bayes.NaiveBayesSimple,'',-1.48E+18,20201212.07,817,91,88,3,0,96.703297,3.296703,0,0.935369,0.02206,0.148171,6.519071,36.070249,110.586637,156.892511,-46.305874,1.215238,1.724094,-0.508856,102.3795,1.125049,92.578546,0.982759,57,0,0,1,33,0.017241,1,1,0.982759,0.991304,0.976654,0.986416,0.994663,0.967033,0.009707,0.990293,0.032967,0.967847,0.967033,0.967296,0.950495,0.987629,0.974366,0.930614,0.967033,0.002,0,0,0,0,0,3316,110390,13832,96.703297,33.333333,?,,,
data,5,5,weka.classifiers.bayes.NaiveBayesSimple,'',-1.48E+18,20201212.07,817,91,89,2,0,97.802198,2.197802,0,0.957297,0.016443,0.12211,4.859277,29.725864,110.586637,16.17342,94.413217,1.215238,0.17773,1.037508,105.785796,1.162481,95.658751,0.982759,57,0,0,1,33,0.017241,1,1,0.982759,0.991304,0.976654,1,1,0.978022,0.001832,0.998168,0.021978,0.982906,0.978022,0.97924,0.967546,0.999738,0.997057,0.948899,0.978022,0.001,0,0,0,0,0,3316,110390,13832,97.802198,33.699634,?,,,
data,5,6,weka.classifiers.bayes.NaiveBayesSimple,'',-1.48E+18,20201212.07,817,91,87,4,0,95.604396,4.395604,0,0.910719,0.029295,0.171113,8.657163,41.654962,110.586637,250.800325,-140.213689,1.215238,2.756048,-1.54081,98.422,1.08156,88.999904,1,58,0.090909,3,0.909091,30,0,0,0.95082,1,0.97479,0.929721,0.959248,0.956235,0.956044,0.058858,0.941142,0.043956,0.955834,0.956044,0.954752,0.920961,0.962097,0.95306,0.90134,0.956044,0.001,0,0,0,0,0,3316,110390,13832,95.604396,33.333333,?,,,
data,5,7,weka.classifiers.bayes.NaiveBayesSimple,'',-1.48E+18,20201212.07,817,91,89,2,0,97.802198,2.197802,0,0.95625,0.015044,0.121087,4.445831,29.477002,110.586637,47.149832,63.436804,1.215238,0.51813,0.697108,104.425165,1.147529,94.428376,1,58,0.030303,1,0.969697,32,0,0,0.983051,1,0.991453,0.976351,0.99791,0.9988,0.978022,0.02023,0.97977,0.021978,0.978208,0.978022,0.977961,0.965343,0.995037,0.972345,0.942996,0.978022,0.001,0,0.015625,0,15.625,0,3316,110390,13832,97.802198,33.333333,?,,,
data,5,8,weka.classifiers.bayes.NaiveBayesSimple,'',-1.48E+18,20201212.07,817,91,88,3,0,96.703297,3.296703,0,0.936125,0.022041,0.148192,6.470064,35.805578,111.733776,40.28781,71.445967,1.227844,0.442723,0.785121,103.344343,1.135652,92.491587,1,57,0,0,1,34,0,0,1,1,1,1,1,1,0.967033,0.006467,0.993533,0.032967,0.969358,0.967033,0.967821,0.959805,0.997882,0.987301,0.914465,0.967033,0.001,0,0,0,0,0,3316,110390,13832,96.703297,33.333333,?,,,
data,5,9,weka.classifiers.bayes.NaiveBayesSimple,'',-1.48E+18,20201212.07,818,90,88,2,0,97.777778,2.222222,0,0.957407,0.014935,0.12171,4.401377,29.536735,109.929783,123.715892,-13.78611,1.221442,1.374621,-0.153179,105.689295,1.174325,96.142549,0.964912,55,0,0,1,33,0.035088,2,1,0.964912,0.982143,0.953821,0.994684,0.997189,0.977778,0.001874,0.998126,0.022222,0.982716,0.977778,0.978968,0.960738,0.995294,0.975539,0.952381,0.977778,0.001,0,0,0,0,0,3316,110523,13699,97.777778,33.333333,?,,,
data,5,10,weka.classifiers.bayes.NaiveBayesSimple,'',-1.48E+18,20201212.07,818,90,90,0,0,100,0,0,1,0.00174,0.013664,0.512782,3.316001,109.929783,0.358934,109.570848,1.221442,0.003988,1.217454,109.570848,1.217454,99.673488,1,57,0,0,1,33,0,0,1,1,1,1,1,1,1,0,1,0,1,1,1,1,1,1,1,1,0.001,0.001,0,0,0,0,3316,110523,13699,100,33.703704,?,,,
data,6,1,weka.classifiers.bayes.NaiveBayesSimple,'',-1.48E+18,20201212.07,817,91,90,1,0,98.901099,1.098901,0,0.978857,0.009271,0.086952,2.721472,21.009039,111.733776,43.865622,67.868155,1.227844,0.48204,0.745804,109.215108,1.200166,97.745831,0.982456,56,0,0,1,34,0.017544,1,1,0.982456,0.99115,0.976927,0.99742,0.998585,0.989011,0.000916,0.999084,0.010989,0.990385,0.989011,0.989329,0.98015,0.997861,0.992141,0.974828,0.989011,0.001,0,0,0,0,0,3316,110390,13832,98.901099,34.065934,?,,,
data,6,2,weka.classifiers.bayes.NaiveBayesSimple,'',-1.48E+18,20201212.07,817,91,88,3,0,96.703297,3.296703,0,0.93517,0.021997,0.147674,6.500354,35.949081,110.586637,28.730095,81.856542,1.215238,0.315715,0.899522,102.392043,1.125187,92.589888,0.982759,57,0.030303,1,0.969697,32,0.017241,1,0.982759,0.982759,0.982759,0.952456,0.999478,0.999708,0.967033,0.021146,0.978854,0.032967,0.96978,0.967033,0.968024,0.945418,0.998713,0.993258,0.92105,0.967033,0.002,0,0,0,0,0,3316,110390,13832,96.703297,33.333333,?,,,
data,6,3,weka.classifiers.bayes.NaiveBayesSimple,'',-1.48E+18,20201212.07,817,91,90,1,0,98.901099,1.098901,0,0.978553,0.007563,0.085617,2.235006,20.842337,110.586637,47.684387,62.902249,1.215238,0.524004,0.691234,108.431621,1.191556,98.051287,0.982759,57,0,0,1,33,0.017241,1,1,0.982759,0.991304,0.976654,0.998433,0.999152,0.989011,0.000916,0.999084,0.010989,0.990385,0.989011,0.98933,0.979723,0.998609,0.994685,0.974879,0.989011,0.001,0,0,0,0,0,3316,110390,13832,98.901099,33.333333,?,,,
data,6,4,weka.classifiers.bayes.NaiveBayesSimple,'',-1.48E+18,20201212.07,817,91,90,1,0,98.901099,1.098901,0,0.978553,0.007349,0.085592,2.171666,20.836229,110.586637,68.116605,42.470031,1.215238,0.748534,0.466704,108.47439,1.192026,98.089963,0.982759,57,0,0,1,33,0.017241,1,1,0.982759,0.991304,0.976654,0.996343,0.998143,0.989011,0.000916,0.999084,0.010989,0.990385,0.989011,0.98933,0.979723,0.996753,0.979939,0.974879,0.989011,0.002,0,0.015625,0,15.625,0,3316,110390,13832,98.901099,33.333333,?,,,
data,6,5,weka.classifiers.bayes.NaiveBayesSimple,'',-1.48E+18,20201212.07,817,91,90,1,0,98.901099,1.098901,0,0.97839,0.007386,0.085593,2.182544,20.836319,110.586637,29.291786,81.294851,1.215238,0.321888,0.89335,108.288416,1.189983,97.921792,1,58,0,0,1,33,0,0,1,1,1,1,1,1,0.989011,0.000916,0.999084,0.010989,0.990385,0.989011,0.98927,0.986923,0.998539,0.985152,0.971242,0.989011,0.001,0,0,0,0,0,3316,110390,13832,98.901099,33.333333,?,,,
data,6,6,weka.classifiers.bayes.NaiveBayesSimple,'',-1.48E+18,20201212.07,817,91,90,1,0,98.901099,1.098901,0,0.978193,0.00745,0.085437,2.201514,20.798451,110.586637,9.056559,101.530077,1.215238,0.099523,1.115715,106.765413,1.173246,96.544588,1,58,0,0,1,33,0,0,1,1,1,1,1,1,0.989011,0.004396,0.995604,0.010989,0.989418,0.989011,0.988692,0.986368,0.9997,0.998219,0.96807,0.989011,0.001,0,0,0,0,0,3316,110390,13832,98.901099,33.333333,?,,,
data,6,7,weka.classifiers.bayes.NaiveBayesSimple,'',-1.48E+18,20201212.07,817,91,85,6,0,93.406593,6.593407,0,0.869347,0.043777,0.206907,12.936821,50.368576,110.586637,142.554067,-31.96743,1.215238,1.566528,-0.35129,94.061958,1.033648,85.057255,0.982759,57,0.060606,2,0.939394,31,0.017241,1,0.966102,0.982759,0.974359,0.92848,0.992685,0.995561,0.934066,0.045771,0.954229,0.065934,0.937644,0.934066,0.935159,0.895504,0.986845,0.96219,0.853675,0.934066,0.002,0,0,0,0,0,3316,110390,13832,93.406593,33.699634,?,,,
data,6,8,weka.classifiers.bayes.NaiveBayesSimple,'',-1.48E+18,20201212.07,817,91,90,1,0,98.901099,1.098901,0,0.97839,0.008242,0.086191,2.435635,20.981896,110.586637,25.757937,84.8287,1.215238,0.283054,0.932184,108.108769,1.188008,97.759342,1,58,0,0,1,33,0,0,1,1,1,1,1,1,0.989011,0.000916,0.999084,0.010989,0.990385,0.989011,0.98927,0.986923,0.998539,0.985152,0.971242,0.989011,0.001,0,0,0,0,0,3316,110390,13832,98.901099,33.699634,?,,,
data,6,9,weka.classifiers.bayes.NaiveBayesSimple,'',-1.48E+18,20201212.07,818,90,88,2,0,97.777778,2.222222,0,0.956247,0.014103,0.111557,4.156061,27.072934,109.929783,178.823348,-68.893565,1.221442,1.986926,-0.765484,105.515649,1.172396,95.984588,1,57,0.030303,1,0.969697,32,0,0,0.982759,1,0.991304,0.976206,0.982456,0.985433,0.977778,0.020129,0.979871,0.022222,0.979358,0.977778,0.977752,0.963896,0.985243,0.98581,0.961546,0.977778,0.001,0.001,0,0,0,0,3316,110523,13699,98.888889,34.074074,?,,,
data,6,10,weka.classifiers.bayes.NaiveBayesSimple,'',-1.48E+18,20201212.07,818,90,88,2,0,97.777778,2.222222,0,0.956374,0.016218,0.121526,4.779559,29.492086,109.929783,16.191499,93.738284,1.221442,0.179906,1.041536,103.533626,1.150374,94.181598,1,57,0,0,1,33,0,0,1,1,1,1,1,1,0.977778,0.005451,0.994549,0.022222,0.977778,0.977778,0.977778,0.972327,0.999385,0.996692,0.93956,0.977778,0.001,0,0,0,0,0,3316,110523,13699,97.777778,33.703704,?,,,
data,7,1,weka.classifiers.bayes.NaiveBayesSimple,'',-1.48E+18,20201212.07,817,91,90,1,0,98.901099,1.098901,0,0.978857,0.007719,0.08564,2.265989,20.691948,111.733776,11.162017,100.571759,1.227844,0.12266,1.105184,109.544991,1.203791,98.041071,0.982456,56,0,0,1,34,0.017544,1,1,0.982456,0.99115,0.976927,1,1,0.989011,0.000916,0.999084,0.010989,0.990385,0.989011,0.989329,0.98015,0.999869,0.998626,0.974828,0.989011,0.001,0,0,0,0,0,3316,110390,13832,98.901099,33.333333,?,,,
data,7,2,weka.classifiers.bayes.NaiveBayesSimple,'',-1.48E+18,20201212.07,817,91,89,2,0,97.802198,2.197802,0,0.956584,0.014595,0.114286,4.313165,27.821224,110.586637,13.246026,97.34061,1.215238,0.145561,1.069677,104.516844,1.148537,94.511278,1,58,0,0,1,33,0,0,1,1,1,1,1,1,0.978022,0.005311,0.994689,0.021978,0.978022,0.978022,0.978022,0.972711,0.9994,0.996728,0.93956,0.978022,0.001,0.001,0,0.015625,0,15.625,3316,110390,13832,98.901099,34.065934,?,,,
data,7,3,weka.classifiers.bayes.NaiveBayesSimple,'',-1.48E+18,20201212.07,817,91,90,1,0,98.901099,1.098901,0,0.978553,0.008218,0.085917,2.428421,20.915293,110.586637,46.668119,63.918518,1.215238,0.512836,0.702401,108.297355,1.190081,97.929875,0.982759,57,0,0,1,33,0.017241,1,1,0.982759,0.991304,0.976654,0.99791,0.998888,0.989011,0.000916,0.999084,0.010989,0.990385,0.989011,0.98933,0.979723,0.998276,0.994516,0.974879,0.989011,0.002,0,0,0,0,0,3316,110390,13832,98.901099,33.699634,?,,,
data,7,4,weka.classifiers.bayes.NaiveBayesSimple,'',-1.48E+18,20201212.07,817,91,89,2,0,97.802198,2.197802,0,0.956584,0.014748,0.121048,4.358185,29.467365,110.586637,92.077645,18.508991,1.215238,1.011842,0.203396,104.663246,1.150146,94.643665,0.982759,57,0.030303,1,0.969697,32,0.017241,1,0.982759,0.982759,0.982759,0.952456,0.994775,0.99731,0.978022,0.02023,0.97977,0.021978,0.978022,0.978022,0.978022,0.957792,0.994969,0.975287,0.946634,0.978022,0.002,0.016,0,0,0,0,3316,110390,13832,97.802198,33.333333,?,,,
data,7,5,weka.classifiers.bayes.NaiveBayesSimple,'',-1.48E+18,20201212.07,817,91,86,5,0,94.505495,5.494505,0,0.890783,0.036648,0.19122,10.830168,46.549868,110.586637,343.057916,-232.471279,1.215238,3.769867,-2.554629,97.64037,1.072971,88.293101,1,58,0.060606,2,0.939394,31,0,0,0.966667,1,0.983051,0.952933,0.963427,0.959449,0.945055,0.041375,0.958625,0.054945,0.953114,0.945055,0.946157,0.918852,0.963578,0.928825,0.883239,0.945055,0.002,0,0,0,0,0,3316,110390,13832,94.505495,33.333333,?,,,
data,7,6,weka.classifiers.bayes.NaiveBayesSimple,'',-1.48E+18,20201212.07,817,91,90,1,0,98.901099,1.098901,0,0.97839,0.007677,0.085546,2.268644,20.825046,110.586637,10.160217,100.42642,1.215238,0.111651,1.103587,108.230301,1.189344,97.86924,1,58,0,0,1,33,0,0,1,1,1,1,1,1,0.989011,0.000916,0.999084,0.010989,0.990385,0.989011,0.98927,0.986923,0.9997,0.998219,0.971242,0.989011,0.001,0,0,0,0,0,3316,110390,13832,98.901099,33.333333,?,,,
data,7,7,weka.classifiers.bayes.NaiveBayesSimple,'',-1.48E+18,20201212.07,817,91,90,1,0,98.901099,1.098901,0,0.97839,0.007586,0.085628,2.241855,20.844885,110.586637,25.723782,84.862855,1.215238,0.282679,0.932559,108.248288,1.189542,97.885505,1,58,0,0,1,33,0,0,1,1,1,1,1,1,0.989011,0.000916,0.999084,0.010989,0.990385,0.989011,0.98927,0.986923,0.999139,0.992242,0.971242,0.989011,0.002,0,0,0,0,0,3316,110390,13832,98.901099,33.333333,?,,,
data,7,8,weka.classifiers.bayes.NaiveBayesSimple,'',-1.48E+18,20201212.07,817,91,88,3,0,96.703297,3.296703,0,0.93623,0.022019,0.148144,6.507054,36.063636,110.586637,74.949056,35.637581,1.215238,0.823616,0.391622,103.897758,1.141734,93.951458,0.982759,57,0,0,1,33,0.017241,1,1,0.982759,0.991304,0.976654,0.997388,0.998632,0.967033,0.002747,0.997253,0.032967,0.976923,0.967033,0.969454,0.956059,0.997305,0.992802,0.924945,0.967033,0.001,0.001,0,0,0,0,3316,110390,13832,96.703297,33.333333,?,,,
data,7,9,weka.classifiers.bayes.NaiveBayesSimple,'',-1.48E+18,20201212.07,818,90,89,1,0,98.888889,1.111111,0,0.97792,0.007612,0.085974,2.243201,20.864417,109.929783,9.557277,100.372506,1.221442,0.106192,1.11525,106.091225,1.178791,96.508173,1,57,0.030303,1,0.969697,32,0,0,0.982759,1,0.991304,0.976206,1,1,0.988889,0.019192,0.980808,0.011111,0.98908,0.988889,0.98851,0.978731,0.999866,0.998611,0.97146,0.988889,0.001,0,0,0,0,0,3316,110523,13699,98.888889,33.333333,?,,,
data,7,10,weka.classifiers.bayes.NaiveBayesSimple,'',-1.48E+18,20201212.07,818,90,88,2,0,97.777778,2.222222,0,0.9567,0.015206,0.12165,4.481113,29.522122,109.929783,79.244263,30.68552,1.221442,0.880492,0.34095,103.94463,1.15494,94.555477,0.982456,56,0,0,1,33,0.017544,1,1,0.982456,0.99115,0.976504,0.99681,0.998329,0.977778,0.005451,0.994549,0.022222,0.978189,0.977778,0.977833,0.965447,0.996735,0.978363,0.943142,0.977778,0.001,0,0,0,0,0,3316,110523,13699,97.777778,33.703704,?,,,
data,8,1,weka.classifiers.bayes.NaiveBayesSimple,'',-1.48E+18,20201212.07,817,91,89,2,0,97.802198,2.197802,0,0.956584,0.014683,0.120998,4.338937,29.455234,110.586637,39.706252,70.880385,1.215238,0.436332,0.778905,104.49741,1.148323,94.493705,1,58,0,0,1,33,0,0,1,1,1,1,1,1,0.978022,0.005311,0.994689,0.021978,0.978022,0.978022,0.978022,0.972711,0.997601,0.981771,0.93956,0.978022,0,0.001,0,0,0,0,3316,110390,13832,97.802198,33.333333,?,,,
data,8,2,weka.classifiers.bayes.NaiveBayesSimple,'',-1.48E+18,20201212.07,817,91,88,3,0,96.703297,3.296703,0,0.93517,0.021988,0.147592,6.497962,35.929155,110.586637,90.292375,20.294261,1.215238,0.992224,0.223014,102.39366,1.125205,92.591351,0.982759,57,0.030303,1,0.969697,32,0.017241,1,0.982759,0.982759,0.982759,0.952456,0.996343,0.998143,0.967033,0.021146,0.978854,0.032967,0.96978,0.967033,0.968024,0.945418,0.99623,0.976734,0.92105,0.967033,0.001,0,0,0,0,0,3316,110390,13832,96.703297,33.333333,?,,,
data,8,3,weka.classifiers.bayes.NaiveBayesSimple,'',-1.48E+18,20201212.07,817,91,87,4,0,95.604396,4.395604,0,0.911822,0.029449,0.171058,8.70256,41.641533,110.586637,113.303222,-2.716586,1.215238,1.24509,-0.029853,98.391557,1.081226,88.972375,1,58,0.060606,2,0.939394,31,0,0,0.966667,1,0.983051,0.952933,1,1,0.956044,0.04046,0.95954,0.043956,0.956777,0.956044,0.955791,0.930855,0.988727,0.97045,0.885779,0.956044,0.001,0,0,0,0,0,3316,110390,13832,95.604396,33.333333,?,,,
data,8,4,weka.classifiers.bayes.NaiveBayesSimple,'',-1.48E+18,20201212.07,817,91,90,1,0,98.901099,1.098901,0,0.97839,0.00808,0.08594,2.3877,20.920944,110.586637,26.947817,83.638819,1.215238,0.29613,0.919108,108.145457,1.188412,97.792518,1,58,0,0,1,33,0,0,1,1,1,1,1,1,0.989011,0.000916,0.999084,0.010989,0.990385,0.989011,0.98927,0.986923,0.998539,0.985152,0.971242,0.989011,0.001,0,0,0,0,0,3316,110390,13832,98.901099,33.699634,?,,,
data,8,5,weka.classifiers.bayes.NaiveBayesSimple,'',-1.48E+18,20201212.07,817,91,91,0,0,100,0,0,1,0.000087,0.00044,0.02573,0.107086,110.586637,0.017165,110.569471,1.215238,0.000189,1.215049,110.569471,1.215049,99.984478,1,58,0,0,1,33,0,0,1,1,1,1,1,1,1,0,1,0,1,1,1,1,1,1,1,1,0.001,0,0,0,0,0,3316,110390,13832,100,33.333333,?,,,
data,8,6,weka.classifiers.bayes.NaiveBayesSimple,'',-1.48E+18,20201212.07,817,91,90,1,0,98.901099,1.098901,0,0.978553,0.007599,0.08563,2.245626,20.845485,110.586637,46.304283,64.282353,1.215238,0.508838,0.706399,108.424308,1.191476,98.044674,0.982759,57,0,0,1,33,0.017241,1,1,0.982759,0.991304,0.976654,0.998433,0.999152,0.989011,0.000916,0.999084,0.010989,0.990385,0.989011,0.98933,0.979723,0.998478,0.992487,0.974879,0.989011,0.001,0,0,0,0,0,3316,110390,13832,98.901099,33.333333,?,,,
data,8,7,weka.classifiers.bayes.NaiveBayesSimple,'',-1.48E+18,20201212.07,817,91,88,3,0,96.703297,3.296703,0,0.934876,0.023035,0.148595,6.807158,36.173281,110.586637,180.888021,-70.301385,1.215238,1.98778,-0.772543,102.176625,1.12282,92.395092,0.982759,57,0.030303,1,0.969697,32,0.017241,1,0.982759,0.982759,0.982759,0.952456,0.980146,0.990238,0.967033,0.024625,0.975375,0.032967,0.967033,0.967033,0.967033,0.942408,0.979255,0.967478,0.933813,0.967033,0,0.001,0,0,0,0,3316,110390,13832,96.703297,33.699634,?,,,
data,8,8,weka.classifiers.bayes.NaiveBayesSimple,'',-1.48E+18,20201212.07,817,91,89,2,0,97.802198,2.197802,0,0.957516,0.016068,0.121879,4.716703,29.44785,111.733776,53.102003,58.631774,1.227844,0.583538,0.644305,105.522896,1.159592,94.441358,0.982456,56,0,0,1,34,0.017544,1,1,0.982456,0.99115,0.976927,0.997936,0.99885,0.978022,0.005552,0.994448,0.021978,0.978414,0.978022,0.978073,0.966011,0.997881,0.990846,0.94337,0.978022,0.001,0,0,0,0,0,3316,110390,13832,97.802198,33.699634,?,,,
data,8,9,weka.classifiers.bayes.NaiveBayesSimple,'',-1.48E+18,20201212.07,818,90,88,2,0,97.777778,2.222222,0,0.956247,0.015055,0.121706,4.436699,29.535813,109.929783,185.769228,-75.839445,1.221442,2.064103,-0.842661,105.307307,1.170081,95.795065,1,57,0.030303,1,0.969697,32,0,0,0.982759,1,0.991304,0.976206,0.981393,0.984001,0.977778,0.020129,0.979871,0.022222,0.979358,0.977778,0.977752,0.963896,0.983915,0.982835,0.961546,0.977778,0.001,0,0,0,0,0,3316,110523,13699,97.777778,33.333333,?,,,
data,8,10,weka.classifiers.bayes.NaiveBayesSimple,'',-1.48E+18,20201212.07,818,90,90,0,0,100,0,0,1,0.00039,0.003152,0.114949,0.764933,109.929783,0.076955,109.852828,1.221442,0.000855,1.220587,109.852828,1.220587,99.929997,1,57,0,0,1,33,0,0,1,1,1,1,1,1,1,0,1,0,1,1,1,1,1,1,1,1,0.001,0,0,0,0,0,3316,110523,13699,100,33.333333,?,,,
data,9,1,weka.classifiers.bayes.NaiveBayesSimple,'',-1.48E+18,20201212.07,817,91,91,0,0,100,0,0,1,0.000102,0.000562,0.030228,0.136734,110.586637,0.020175,110.566462,1.215238,0.000222,1.215016,110.566462,1.215016,99.981757,1,58,0,0,1,33,0,0,1,1,1,1,1,1,1,0,1,0,1,1,1,1,1,1,1,1,0.001,0,0,0,0,0,3316,110390,13832,100,33.333333,?,,,
data,9,2,weka.classifiers.bayes.NaiveBayesSimple,'',-1.48E+18,20201212.07,817,91,89,2,0,97.802198,2.197802,0,0.957297,0.015205,0.12088,4.493191,29.426618,110.586637,65.75187,44.834766,1.215238,0.722548,0.49269,106.082013,1.165736,95.926611,0.982759,57,0,0,1,33,0.017241,1,1,0.982759,0.991304,0.976654,0.997388,0.998632,0.978022,0.001832,0.998168,0.021978,0.982906,0.978022,0.97924,0.967546,0.996574,0.978478,0.948899,0.978022,0.001,0,0,0,0,0,3316,110390,13832,97.802198,33.333333,?,,,
data,9,3,weka.classifiers.bayes.NaiveBayesSimple,'',-1.48E+18,20201212.07,817,91,91,0,0,100,0,0,1,0.000378,0.002986,0.111629,0.726944,110.586637,0.07528,110.511356,1.215238,0.000827,1.214411,110.511356,1.214411,99.931926,1,58,0,0,1,33,0,0,1,1,1,1,1,1,1,0,1,0,1,1,1,1,1,1,1,1,0.001,0,0,0,0,0,3316,110390,13832,100,33.333333,?,,,
data,9,4,weka.classifiers.bayes.NaiveBayesSimple,'',-1.48E+18,20201212.07,817,91,86,5,0,94.505495,5.494505,0,0.890282,0.035995,0.188041,10.637003,45.775863,110.586637,145.81832,-35.231683,1.215238,1.602399,-0.387161,96.265204,1.057859,87.049581,1,58,0.060606,2,0.939394,31,0,0,0.966667,1,0.983051,0.952933,0.998955,0.999425,0.945055,0.041375,0.958625,0.054945,0.949908,0.945055,0.946064,0.919215,0.985384,0.957228,0.862831,0.945055,0.001,0,0,0,0,0,3316,110390,13832,95.604396,33.699634,?,,,
data,9,5,weka.classifiers.bayes.NaiveBayesSimple,'',-1.48E+18,20201212.07,817,91,91,0,0,100,0,0,1,0.001092,0.010352,0.322837,2.520088,110.586637,0.226577,110.360059,1.215238,0.00249,1.212748,110.360059,1.212748,99.795113,1,58,0,0,1,33,0,0,1,1,1,1,1,1,1,0,1,0,1,1,1,1,1,1,1,1,0.001,0,0,0,0,0,3316,110390,13832,100,33.699634,?,,,
data,9,6,weka.classifiers.bayes.NaiveBayesSimple,'',-1.48E+18,20201212.07,817,91,86,5,0,94.505495,5.494505,0,0.893243,0.036383,0.189673,10.751887,46.173215,110.586637,248.588099,-138.001462,1.215238,2.731737,-1.5165,98.051379,1.077488,88.664762,0.965517,56,0.030303,1,0.969697,32,0.034483,2,0.982456,0.965517,0.973913,0.929405,0.977011,0.978347,0.945055,0.026457,0.973543,0.054945,0.951749,0.945055,0.947336,0.911235,0.979775,0.966542,0.888363,0.945055,0.001,0.001,0,0,0,0,3316,110390,13832,94.505495,33.333333,?,,,
data,9,7,weka.classifiers.bayes.NaiveBayesSimple,'',-1.48E+18,20201212.07,817,91,89,2,0,97.802198,2.197802,0,0.955847,0.01468,0.121017,4.338104,29.459793,110.586637,63.783292,46.803345,1.215238,0.700915,0.514322,102.987739,1.131733,93.128557,1,58,0.030303,1,0.969697,32,0,0,0.983051,1,0.991453,0.976351,0.989812,0.992937,0.978022,0.02371,0.97629,0.021978,0.978615,0.978022,0.976341,0.964749,0.98932,0.986482,0.935306,0.978022,0.001,0.001,0,0,0,0,3316,110390,13832,97.802198,33.333333,?,,,
data,9,8,weka.classifiers.bayes.NaiveBayesSimple,'',-1.48E+18,20201212.07,817,91,91,0,0,100,0,0,1,0.000062,0.000357,0.018093,0.086347,111.733776,0.01215,111.721626,1.227844,0.000134,1.22771,111.721626,1.22771,99.989126,1,57,0,0,1,34,0,0,1,1,1,1,1,1,1,0,1,0,1,1,1,1,1,1,1,1,0.001,0,0,0,0,0,3316,110390,13832,100,33.333333,?,,,
data,9,9,weka.classifiers.bayes.NaiveBayesSimple,'',-1.48E+18,20201212.07,818,90,87,3,0,96.666667,3.333333,0,0.935928,0.022241,0.149065,6.554422,36.175256,109.929783,92.245054,17.684729,1.221442,1.024945,0.196497,103.242574,1.14714,93.916837,0.982456,56,0,0,1,33,0.017544,1,1,0.982456,0.99115,0.976504,0.99681,0.998329,0.966667,0.002811,0.997189,0.033333,0.976667,0.966667,0.969114,0.955657,0.995733,0.980056,0.924893,0.966667,0.001,0,0,0,0,0,3316,110523,13699,96.666667,33.333333,?,,,
data,9,10,weka.classifiers.bayes.NaiveBayesSimple,'',-1.48E+18,20201212.07,818,90,87,3,0,96.666667,3.333333,0,0.934861,0.022822,0.148537,6.725811,36.047099,109.929783,84.687111,25.242672,1.221442,0.940968,0.280474,101.615541,1.129062,92.436771,0.982456,56,0.030303,1,0.969697,32,0.017544,1,0.982456,0.982456,0.982456,0.952153,0.996279,0.998081,0.966667,0.021066,0.978934,0.033333,0.969444,0.966667,0.967669,0.945098,0.996171,0.976457,0.920949,0.966667,0.001,0,0,0,0,0,3316,110523,13699,96.666667,33.703704,?,,,
data,10,1,weka.classifiers.bayes.NaiveBayesSimple,'',-1.48E+18,20201212.07,817,91,86,5,0,94.505495,5.494505,0,0.895738,0.036141,0.188622,10.609083,45.573981,111.733776,319.654904,-207.921128,1.227844,3.512691,-2.284848,100.744228,1.107079,90.164525,0.964912,55,0.029412,1,0.970588,33,0.035088,2,0.982143,0.964912,0.973451,0.930235,0.97678,0.982175,0.945055,0.022086,0.977914,0.054945,0.960843,0.945055,0.948823,0.91596,0.979724,0.959669,0.897469,0.945055,0.001,0,0,0,0,0,3316,110390,13832,95.604396,33.699634,?,,,
data,10,2,weka.classifiers.bayes.NaiveBayesSimple,'',-1.48E+18,20201212.07,817,91,89,2,0,97.802198,2.197802,0,0.956974,0.014679,0.120369,4.33782,29.302201,110.586637,27.850687,82.73595,1.215238,0.306052,0.909186,106.008317,1.164927,95.85997,1,58,0,0,1,33,0,0,1,1,1,1,1,1,0.978022,0.001832,0.998168,0.021978,0.982906,0.978022,0.978956,0.974767,0.9991,0.994781,0.945,0.978022,0,0,0,0,0,0,3316,110390,13832,97.802198,33.333333,?,,,
data,10,3,weka.classifiers.bayes.NaiveBayesSimple,'',-1.48E+18,20201212.07,817,91,89,2,0,97.802198,2.197802,0,0.95625,0.015127,0.121167,4.470369,29.496359,110.586637,46.745554,63.841082,1.215238,0.513687,0.70155,104.406809,1.147328,94.411777,1,58,0.030303,1,0.969697,32,0,0,0.983051,1,0.991453,0.976351,0.999478,0.999708,0.978022,0.02023,0.97977,0.021978,0.978208,0.978022,0.977961,0.965343,0.996636,0.979196,0.942996,0.978022,0.001,0,0,0,0,0,3316,110390,13832,97.802198,33.699634,?,,,
data,10,4,weka.classifiers.bayes.NaiveBayesSimple,'',-1.48E+18,20201212.07,817,91,89,2,0,97.802198,2.197802,0,0.955847,0.014653,0.120887,4.330288,29.428242,110.586637,19.246979,91.339658,1.215238,0.211505,1.003733,102.992956,1.131791,93.133275,1,58,0.030303,1,0.969697,32,0,0,0.983051,1,0.991453,0.976351,1,1,0.978022,0.02371,0.97629,0.021978,0.978615,0.978022,0.976341,0.964749,0.999869,0.998626,0.935306,0.978022,0.001,0,0,0,0,0,3316,110390,13832,97.802198,33.333333,?,,,
data,10,5,weka.classifiers.bayes.NaiveBayesSimple,'',-1.48E+18,20201212.07,817,91,89,2,0,97.802198,2.197802,0,0.957615,0.015355,0.121121,4.537523,29.485133,110.586637,126.073327,-15.486691,1.215238,1.385421,-0.170183,106.230903,1.167373,96.061248,0.965517,56,0,0,1,33,0.034483,2,1,0.965517,0.982456,0.95412,0.994775,0.997281,0.978022,0.001832,0.998168,0.021978,0.982906,0.978022,0.979203,0.960862,0.9951,0.972722,0.952485,0.978022,0.001,0,0,0,0,0,3316,110390,13832,97.802198,33.333333,?,,,
data,10,6,weka.classifiers.bayes.NaiveBayesSimple,'',-1.48E+18,20201212.07,817,91,90,1,0,98.901099,1.098901,0,0.97839,0.007453,0.085596,2.202379,20.837152,110.586637,25.431125,85.155512,1.215238,0.279463,0.935775,108.275141,1.189837,97.909787,1,58,0,0,1,33,0,0,1,1,1,1,1,1,0.989011,0.000916,0.999084,0.010989,0.990385,0.989011,0.98927,0.986923,0.999269,0.99444,0.971242,0.989011,0.001,0,0,0,0,0,3316,110390,13832,98.901099,33.333333,?,,,
data,10,7,weka.classifiers.bayes.NaiveBayesSimple,'',-1.48E+18,20201212.07,817,91,89,2,0,97.802198,2.197802,0,0.957297,0.014653,0.120257,4.330278,29.27483,110.586637,15.83424,94.752397,1.215238,0.174003,1.041235,106.192142,1.166947,96.026197,0.982759,57,0,0,1,33,0.017241,1,1,0.982759,0.991304,0.976654,1,1,0.978022,0.001832,0.998168,0.021978,0.982906,0.978022,0.97924,0.967546,0.999869,0.998626,0.948899,0.978022,0.001,0,0,0,0,0,3316,110390,13832,97.802198,33.333333,?,,,
data,10,8,weka.classifiers.bayes.NaiveBayesSimple,'',-1.48E+18,20201212.07,817,91,91,0,0,100,0,0,1,0.003709,0.037708,1.096006,9.179428,110.586637,0.931312,109.655324,1.215238,0.010234,1.205004,109.655324,1.205004,99.157844,1,58,0,0,1,33,0,0,1,1,1,1,1,1,1,0,1,0,1,1,1,1,1,1,1,1,0,0,0,0,0,0,3316,110390,13832,100,33.699634,?,,,
data,10,9,weka.classifiers.bayes.NaiveBayesSimple,'',-1.48E+18,20201212.07,818,90,89,1,0,98.888889,1.111111,0,0.978086,0.00748,0.085966,2.204268,20.862357,109.929783,9.747188,100.182595,1.221442,0.108302,1.11314,106.117378,1.179082,96.531964,1,57,0,0,1,33,0,0,1,1,1,1,1,1,0.988889,0.004514,0.995486,0.011111,0.9893,0.988889,0.988566,0.986177,0.999559,0.997119,0.96807,0.988889,0.002,0,0,0,0,0,3316,110523,13699,98.888889,33.333333,?,,,
data,10,10,weka.classifiers.bayes.NaiveBayesSimple,'',-1.48E+18,20201212.07,818,90,87,3,0,96.666667,3.333333,0,0.933251,0.021588,0.144721,6.361981,35.121107,109.929783,79.690236,30.239547,1.221442,0.885447,0.335995,100.36889,1.11521,91.302728,1,57,0.060606,2,0.939394,31,0,0,0.966102,1,0.982759,0.952654,0.988304,0.991744,0.966667,0.039321,0.960679,0.033333,0.965568,0.966667,0.965467,0.943082,0.986008,0.966208,0.910794,0.966667,0.001,0,0,0,0,0,3316,110523,13699,97.777778,33.703704,?,,,
,,,,,,,,,,,,,,,,,,,,,,,,,,,,,,,,,,,,,,,,,,,,,,,,,,,,,,,,,,,,,,,,,,,,,
,,,,,,,,,,,,,,,,,,,,,,,,,,,,,,,,,,,,,,,,,,,,,,,,,,,,,,,,,,,,,,,,,,,,,
,,,,,,,,,,,,,,,,,,,,,,,,,,,,,,,,,,,,,,,,,,,,,,,,,,,,,,,,,,,,,,,,,,,,,
,,,,,,J48,,,,,,,,,,,,,,,,,,,,,,,,,,,,,,,,,,,,,,,,,,,,,,,,,,,,,,,,,,,,,,,
,,,,,,,,,,,,,,,,,,,,,,,,,,,,,,,,,,,,,,,,,,,,,,,,,,,,,,,,,,,,,,,,,,,,,
Key_Dataset,Key_Run,Key_Fold,Key_Scheme,Key_Scheme_options,Key_Scheme_version_ID,Date_time,Number_of_training_instances,Number_of_testing_instances,Number_correct,Number_incorrect,Number_unclassified,Percent_correct,Percent_incorrect,Percent_unclassified,Kappa_statistic,Mean_absolute_error,Root_mean_squared_error,Relative_absolute_error,Root_relative_squared_error,SF_prior_entropy,SF_scheme_entropy,SF_entropy_gain,SF_mean_prior_entropy,SF_mean_scheme_entropy,SF_mean_entropy_gain,KB_information,KB_mean_information,KB_relative_information,True_positive_rate,Num_true_positives,False_positive_rate,Num_false_positives,True_negative_rate,Num_true_negatives,False_negative_rate,Num_false_negatives,IR_precision,IR_recall,F_measure,Matthews_correlation,Area_under_ROC,Area_under_PRC,Weighted_avg_true_positive_rate,Weighted_avg_false_positive_rate,Weighted_avg_true_negative_rate,Weighted_avg_false_negative_rate,Weighted_avg_IR_precision,Weighted_avg_IR_recall,Weighted_avg_F_measure,Weighted_avg_matthews_correlation,Weighted_avg_area_under_ROC,Weighted_avg_area_under_PRC,Unweighted_macro_avg_F_measure,Unweighted_micro_avg_F_measure,Elapsed_Time_training,Elapsed_Time_testing,UserCPU_Time_training,UserCPU_Time_testing,UserCPU_Time_millis_training,UserCPU_Time_millis_testing,Serialized_Model_Size,Serialized_Train_Set_Size,Serialized_Test_Set_Size,Coverage_of_Test_Cases_By_Regions,Size_of_Predicted_Regions,Summary,measureTreeSize,measureNumLeaves,measureNumRules
data,1,1,weka.classifiers.trees.J48,'-C 0.25 -M 2',-2.18E+17,20201212.07,817,91,91,0,0,100,0,0,1,0.002625,0.01134,0.775777,2.760467,110.586637,0.535012,110.051624,1.215238,0.005879,1.209359,110.051624,1.209359,99.516205,1,58,0,0,1,33,0,0,1,1,1,1,1,1,1,0,1,0,1,1,1,1,1,1,1,1,0.035,0.001,0.03125,0,31.25,0,6263,110390,13832,100,34.065934,'Number of leaves: 8\nSize of the tree: 15\n',15,8,8
data,1,2,weka.classifiers.trees.J48,'-C 0.25 -M 2',-2.18E+17,20201212.07,817,91,91,0,0,100,0,0,1,0.002625,0.01134,0.775777,2.760467,110.586637,0.535012,110.051624,1.215238,0.005879,1.209359,110.051624,1.209359,99.516205,1,58,0,0,1,33,0,0,1,1,1,1,1,1,1,0,1,0,1,1,1,1,1,1,1,1,0.014,0.001,0.015625,0,15.625,0,6263,110390,13832,100,34.065934,'Number of leaves: 8\nSize of the tree: 15\n',15,8,8
data,1,3,weka.classifiers.trees.J48,'-C 0.25 -M 2',-2.18E+17,20201212.07,817,91,88,3,0,96.703297,3.296703,0,0.933039,0.02484,0.136046,7.340771,33.118471,110.586637,3222.583864,-3111.997228,1.215238,35.413009,-34.197772,101.633069,1.116847,91.903572,1,58,0.090909,3,0.909091,30,0,0,0.95082,1,0.97479,0.929721,0.999739,0.999708,0.967033,0.057942,0.942058,0.032967,0.968654,0.967033,0.966586,0.933744,0.981801,0.973971,0.952622,0.967033,0.011,0,0.015625,0,15.625,0,7071,110390,13832,96.703297,35.164835,'Number of leaves: 10\nSize of the tree: 19\n',19,10,10
data,1,4,weka.classifiers.trees.J48,'-C 0.25 -M 2',-2.18E+17,20201212.07,817,91,89,2,0,97.802198,2.197802,0,0.956584,0.0163,0.120955,4.817035,29.444681,110.586637,2148.33813,-2037.751494,1.215238,23.608111,-22.392874,104.165296,1.144674,94.193385,1,58,0,0,1,33,0,0,1,1,1,1,1,1,0.978022,0.005311,0.994689,0.021978,0.978022,0.978022,0.978022,0.972711,0.986205,0.962021,0.93956,0.978022,0.011,0,0.015625,0,15.625,0,6263,110390,13832,97.802198,34.065934,'Number of leaves: 8\nSize of the tree: 15\n',15,8,8
data,1,5,weka.classifiers.trees.J48,'-C 0.25 -M 2',-2.18E+17,20201212.07,817,91,87,4,0,95.604396,4.395604,0,0.915486,0.030049,0.170864,8.880003,41.594483,110.586637,4296.147972,-4185.561336,1.215238,47.210417,-45.99518,100.318625,1.102402,90.714962,0.948276,55,0,0,1,33,0.051724,3,1,0.948276,0.973451,0.932337,0.974138,0.981243,0.956044,0.010623,0.989377,0.043956,0.960361,0.956044,0.957112,0.925612,0.972318,0.94101,0.912138,0.956044,0.016,0,0.015625,0,15.625,0,7071,110390,13832,95.604396,33.333333,'Number of leaves: 10\nSize of the tree: 19\n',19,10,10
data,1,6,weka.classifiers.trees.J48,'-C 0.25 -M 2',-2.18E+17,20201212.07,817,91,91,0,0,100,0,0,1,0.001709,0.006537,0.505157,1.59139,110.586637,0.342367,110.244269,1.215238,0.003762,1.211475,110.244269,1.211475,99.690408,1,58,0,0,1,33,0,0,1,1,1,1,1,1,1,0,1,0,1,1,1,1,1,1,1,1,0.012,0,0.015625,0,15.625,0,6263,110390,13832,100,33.333333,'Number of leaves: 8\nSize of the tree: 15\n',15,8,8
data,1,7,weka.classifiers.trees.J48,'-C 0.25 -M 2',-2.18E+17,20201212.07,817,91,90,1,0,98.901099,1.098901,0,0.97839,0.012053,0.085703,3.561874,20.863099,110.586637,6.916435,103.670202,1.215238,0.076005,1.139233,107.314847,1.179284,97.041424,1,58,0,0,1,33,0,0,1,1,1,1,1,1,0.989011,0.000916,0.999084,0.010989,0.990385,0.989011,0.98927,0.986923,0.998443,0.987332,0.971242,0.989011,0.01,0,0.015625,0,15.625,0,6263,110390,13832,98.901099,35.531136,'Number of leaves: 8\nSize of the tree: 15\n',15,8,8
data,1,8,weka.classifiers.trees.J48,'-C 0.25 -M 2',-2.18E+17,20201212.07,817,91,90,1,0,98.901099,1.098901,0,0.978708,0.012053,0.085703,3.538146,20.707114,111.733776,6.916435,104.817341,1.227844,0.076005,1.151839,108.458329,1.19185,97.068525,1,57,0,0,1,34,0,0,1,1,1,1,1,1,0.989011,0.000916,0.999084,0.010989,0.990385,0.989011,0.989274,0.986808,0.998426,0.987415,0.971488,0.989011,0.007,0,0,0,0,0,6263,110390,13832,98.901099,35.531136,'Number of leaves: 8\nSize of the tree: 15\n',15,8,8
data,1,9,weka.classifiers.trees.J48,'-C 0.25 -M 2',-2.18E+17,20201212.07,818,90,87,3,0,96.666667,3.333333,0,0.935049,0.022963,0.143063,6.767263,34.718814,109.929783,3222.145485,-3112.215703,1.221442,35.801617,-34.580174,101.768933,1.130766,92.576307,0.964912,55,0.030303,1,0.969697,32,0.035088,2,0.982143,0.964912,0.973451,0.928947,0.967305,0.969904,0.966667,0.024643,0.975357,0.033333,0.96688,0.966667,0.966624,0.935328,0.973202,0.961168,0.937242,0.966667,0.005,0,0,0,0,0,6667,110523,13699,96.666667,33.703704,'Number of leaves: 9\nSize of the tree: 17\n',17,9,9
data,1,10,weka.classifiers.trees.J48,'-C 0.25 -M 2',-2.18E+17,20201212.07,818,90,88,2,0,97.777778,2.222222,0,0.956574,0.017579,0.117887,5.180489,28.609041,109.929783,1079.554605,-969.624822,1.221442,11.995051,-10.773609,104.98062,1.166451,95.497888,0.982456,56,0.030303,1,0.969697,32,0.017544,1,0.982456,0.982456,0.982456,0.952153,0.997342,0.997533,0.977778,0.020129,0.979871,0.022222,0.979167,0.977778,0.978039,0.956436,0.991598,0.980814,0.965394,0.977778,0.006,0,0,0,0,0,5859,110523,13699,97.777778,34.074074,'Number of leaves: 7\nSize of the tree: 13\n',13,7,7
data,2,1,weka.classifiers.trees.J48,'-C 0.25 -M 2',-2.18E+17,20201212.07,817,91,90,1,0,98.901099,1.098901,0,0.97839,0.009829,0.084228,2.904654,20.504176,110.586637,6.441903,104.144734,1.215238,0.07079,1.144448,107.789379,1.184499,97.470529,1,58,0,0,1,33,0,0,1,1,1,1,1,1,0.989011,0.000916,0.999084,0.010989,0.990385,0.989011,0.98927,0.986923,0.998781,0.987799,0.971242,0.989011,0.006,0,0,0,0,0,6263,110390,13832,98.901099,34.065934,'Number of leaves: 8\nSize of the tree: 15\n',15,8,8
data,2,2,weka.classifiers.trees.J48,'-C 0.25 -M 2',-2.18E+17,20201212.07,817,91,86,5,0,94.505495,5.494505,0,0.891122,0.035005,0.172834,10.344534,42.073968,110.586637,2159.27644,-2048.689803,1.215238,23.728313,-22.513075,97.008568,1.066028,87.721782,1,58,0.030303,1,0.969697,32,0,0,0.983051,1,0.991453,0.976351,0.999216,0.999123,0.945055,0.026457,0.973543,0.054945,0.948446,0.945055,0.946054,0.926015,0.982816,0.94638,0.859373,0.945055,0.006,0,0.015625,0,15.625,0,7475,110390,13832,95.604396,35.164835,'Number of leaves: 11\nSize of the tree: 21\n',21,11,11
data,2,3,weka.classifiers.trees.J48,'-C 0.25 -M 2',-2.18E+17,20201212.07,817,91,88,3,0,96.703297,3.296703,0,0.93575,0.021455,0.126112,6.340238,30.700111,110.586637,1078.667177,-968.080541,1.215238,11.853485,-10.638248,103.890057,1.141649,93.944494,1,58,0,0,1,33,0,0,1,1,1,1,1,1,0.967033,0.002747,0.997253,0.032967,0.976923,0.967033,0.968933,0.963292,0.993794,0.982535,0.920768,0.967033,0.004,0,0,0,0,0,6263,110390,13832,98.901099,36.263736,'Number of leaves: 8\nSize of the tree: 15\n',15,8,8
data,2,4,weka.classifiers.trees.J48,'-C 0.25 -M 2',-2.18E+17,20201212.07,817,91,88,3,0,96.703297,3.296703,0,0.93517,0.022549,0.129505,6.66355,31.526071,110.586637,15.63049,94.956147,1.215238,0.171764,1.043474,102.601526,1.127489,92.779317,1,58,0,0,1,33,0,0,1,1,1,1,1,1,0.967033,0.006227,0.993773,0.032967,0.969341,0.967033,0.967809,0.960151,0.994602,0.967779,0.913725,0.967033,0.007,0,0,0,0,0,7071,110390,13832,97.802198,34.432234,'Number of leaves: 10\nSize of the tree: 19\n',19,10,10
data,2,5,weka.classifiers.trees.J48,'-C 0.25 -M 2',-2.18E+17,20201212.07,817,91,90,1,0,98.901099,1.098901,0,0.978553,0.008195,0.084963,2.421819,20.682987,110.586637,1074.172634,-963.585998,1.215238,11.804095,-10.588857,108.306229,1.190178,97.937899,0.982759,57,0,0,1,33,0.017241,1,1,0.982759,0.991304,0.976654,0.991379,0.993748,0.989011,0.000916,0.999084,0.010989,0.990385,0.989011,0.98933,0.979723,0.994048,0.9864,0.974879,0.989011,0.004,0,0,0,0,0,6263,110390,13832,98.901099,33.333333,'Number of leaves: 8\nSize of the tree: 15\n',15,8,8
data,2,6,weka.classifiers.trees.J48,'-C 0.25 -M 2',-2.18E+17,20201212.07,817,91,90,1,0,98.901099,1.098901,0,0.978456,0.009035,0.075768,2.670117,18.444568,110.586637,1074.342367,-963.755731,1.215238,11.80596,-10.590722,108.136496,1.188313,97.784415,0.982759,57,0,0,1,33,0.017241,1,1,0.982759,0.991304,0.976654,0.989551,0.993748,0.989011,0.004396,0.995604,0.010989,0.989418,0.989011,0.989067,0.977614,0.99334,0.996015,0.990812,0.989011,0.005,0,0,0,0,0,6667,110390,13832,98.901099,33.699634,'Number of leaves: 9\nSize of the tree: 17\n',17,9,9
data,2,7,weka.classifiers.trees.J48,'-C 0.25 -M 2',-2.18E+17,20201212.07,817,91,88,3,0,96.703297,3.296703,0,0.934876,0.022789,0.138171,6.734653,33.635856,110.586637,1084.144921,-973.558285,1.215238,11.91368,-10.698443,102.234813,1.123459,92.44771,0.982759,57,0.030303,1,0.969697,32,0.017241,1,0.982759,0.982759,0.982759,0.952456,0.997388,0.99791,0.967033,0.024625,0.975375,0.032967,0.967033,0.967033,0.967033,0.942408,0.992214,0.978698,0.933813,0.967033,0.007,0,0,0,0,0,6263,110390,13832,97.802198,34.065934,'Number of leaves: 8\nSize of the tree: 15\n',15,8,8
data,2,8,weka.classifiers.trees.J48,'-C 0.25 -M 2',-2.18E+17,20201212.07,817,91,91,0,0,100,0,0,1,0.001709,0.006537,0.501792,1.579492,111.733776,0.342367,111.391409,1.227844,0.003762,1.224081,111.391409,1.224081,99.693587,1,57,0,0,1,34,0,0,1,1,1,1,1,1,1,0,1,0,1,1,1,1,1,1,1,1,0.005,0.001,0,0,0,0,6263,110390,13832,100,33.333333,'Number of leaves: 8\nSize of the tree: 15\n',15,8,8
data,2,9,weka.classifiers.trees.J48,'-C 0.25 -M 2',-2.18E+17,20201212.07,818,90,87,3,0,96.666667,3.333333,0,0.932093,0.020247,0.12175,5.966834,29.546475,109.929783,1077.851878,-967.922095,1.221442,11.976132,-10.75469,102.279578,1.13644,93.040826,1,57,0.090909,3,0.909091,30,0,0,0.95,1,0.974359,0.92932,0.984051,0.981887,0.966667,0.057576,0.942424,0.033333,0.968333,0.966667,0.962549,0.935218,0.984143,0.975107,0.900544,0.966667,0.004,0,0,0,0,0,6263,110523,13699,98.888889,34.444444,'Number of leaves: 8\nSize of the tree: 15\n',15,8,8
data,2,10,weka.classifiers.trees.J48,'-C 0.25 -M 2',-2.18E+17,20201212.07,818,90,88,2,0,97.777778,2.222222,0,0.955839,0.018388,0.12046,5.419127,29.233332,109.929783,2148.716227,-2038.786444,1.221442,23.874625,-22.653183,103.127688,1.145863,93.812328,1,57,0.030303,1,0.969697,32,0,0,0.982759,1,0.991304,0.976206,0.998937,0.99879,0.977778,0.023706,0.976294,0.022222,0.977969,0.977778,0.977399,0.963106,0.985103,0.970402,0.95864,0.977778,0.005,0,0,0,0,0,6263,110523,13699,97.777778,35.185185,'Number of leaves: 8\nSize of the tree: 15\n',15,8,8
data,3,1,weka.classifiers.trees.J48,'-C 0.25 -M 2',-2.18E+17,20201212.07,817,91,88,3,0,96.703297,3.296703,0,0.935062,0.021978,0.14825,6.451613,35.819507,111.733776,3222,-3110.266224,1.227844,35.406593,-34.17875,101.85019,1.119233,91.154344,1,57,0.029412,1,0.970588,33,0,0,0.982759,1,0.991304,0.976654,0.985294,0.982759,0.967033,0.023974,0.976026,0.032967,0.965391,0.967033,0.965813,0.950843,0.971529,0.941445,0.907833,0.967033,0.006,0,0.015625,0,15.625,0,7475,110390,13832,96.703297,33.333333,'Number of leaves: 11\nSize of the tree: 21\n',21,11,11
data,3,2,weka.classifiers.trees.J48,'-C 0.25 -M 2',-2.18E+17,20201212.07,817,91,90,1,0,98.901099,1.098901,0,0.97839,0.012053,0.085703,3.561874,20.863099,110.586637,6.916435,103.670202,1.215238,0.076005,1.139233,107.314847,1.179284,97.041424,1,58,0,0,1,33,0,0,1,1,1,1,1,1,0.989011,0.000916,0.999084,0.010989,0.990385,0.989011,0.98927,0.986923,0.998443,0.987332,0.971242,0.989011,0.005,0,0,0,0,0,6263,110390,13832,98.901099,35.531136,'Number of leaves: 8\nSize of the tree: 15\n',15,8,8
data,3,3,weka.classifiers.trees.J48,'-C 0.25 -M 2',-2.18E+17,20201212.07,817,91,90,1,0,98.901099,1.098901,0,0.978025,0.008084,0.085668,2.388921,20.854758,110.586637,1074.150546,-963.563909,1.215238,11.803852,-10.588614,106.639373,1.171861,96.430614,1,58,0.030303,1,0.969697,32,0,0,0.983051,1,0.991453,0.976351,0.984848,0.983051,0.989011,0.019314,0.980686,0.010989,0.989197,0.989011,0.988635,0.978801,0.984848,0.979054,0.97151,0.989011,0.004,0,0,0,0,0,6667,110390,13832,98.901099,33.333333,'Number of leaves: 9\nSize of the tree: 17\n',17,9,9
data,3,4,weka.classifiers.trees.J48,'-C 0.25 -M 2',-2.18E+17,20201212.07,817,91,90,1,0,98.901099,1.098901,0,0.978553,0.008767,0.085799,2.590853,20.886521,110.586637,1074.288566,-963.701929,1.215238,11.805369,-10.590131,108.190297,1.188904,97.833066,0.982759,57,0,0,1,33,0.017241,1,1,0.982759,0.991304,0.976654,0.989812,0.993748,0.989011,0.000916,0.999084,0.010989,0.990385,0.989011,0.98933,0.979723,0.992656,0.982279,0.974879,0.989011,0.005,0,0,0,0,0,7071,110390,13832,98.901099,33.333333,'Number of leaves: 10\nSize of the tree: 19\n',19,10,10
data,3,5,weka.classifiers.trees.J48,'-C 0.25 -M 2',-2.18E+17,20201212.07,817,91,89,2,0,97.802198,2.197802,0,0.956584,0.013276,0.095651,3.923252,23.284962,110.586637,9.295185,101.291452,1.215238,0.102145,1.113093,105.333966,1.157516,95.250176,1,58,0,0,1,33,0,0,1,1,1,1,1,1,0.978022,0.005311,0.994689,0.021978,0.978022,0.978022,0.978022,0.972711,0.995952,0.980369,0.93956,0.978022,0.006,0,0,0,0,0,7071,110390,13832,98.901099,33.699634,'Number of leaves: 10\nSize of the tree: 19\n',19,10,10
data,3,6,weka.classifiers.trees.J48,'-C 0.25 -M 2',-2.18E+17,20201212.07,817,91,89,2,0,97.802198,2.197802,0,0.95625,0.016461,0.11794,4.864652,28.710762,110.586637,1080.318839,-969.732202,1.215238,11.871636,-10.656398,104.139172,1.144387,94.169761,1,58,0.030303,1,0.969697,32,0,0,0.983051,1,0.991453,0.976351,0.999739,0.999708,0.978022,0.02023,0.97977,0.021978,0.978208,0.978022,0.977961,0.965343,0.993036,0.977665,0.942996,0.978022,0.004,0,0,0,0,0,6263,110390,13832,97.802198,34.065934,'Number of leaves: 8\nSize of the tree: 15\n',15,8,8
data,3,7,weka.classifiers.trees.J48,'-C 0.25 -M 2',-2.18E+17,20201212.07,817,91,89,2,0,97.802198,2.197802,0,0.956913,0.015952,0.11974,4.714024,29.148891,110.586637,1080.238031,-969.651394,1.215238,11.870748,-10.65551,104.42177,1.147492,94.425306,0.982759,57,0,0,1,33,0.017241,1,1,0.982759,0.991304,0.976654,0.998433,0.998384,0.978022,0.005311,0.994689,0.021978,0.978429,0.978022,0.978078,0.96571,0.990851,0.968825,0.943193,0.978022,0.004,0,0,0,0,0,6263,110390,13832,97.802198,33.333333,'Number of leaves: 8\nSize of the tree: 15\n',15,8,8
data,3,8,weka.classifiers.trees.J48,'-C 0.25 -M 2',-2.18E+17,20201212.07,817,91,88,3,0,96.703297,3.296703,0,0.935946,0.022878,0.143597,6.76075,34.956726,110.586637,3222.178746,-3111.592109,1.215238,35.408558,-34.19332,103.727132,1.139859,93.797167,0.982759,57,0,0,1,33,0.017241,1,1,0.982759,0.991304,0.976654,0.991118,0.993748,0.967033,0.006227,0.993773,0.032967,0.971477,0.967033,0.968036,0.951976,0.979053,0.960152,0.935827,0.967033,0.005,0,0.015625,0,15.625,0,7475,110390,13832,96.703297,33.699634,'Number of leaves: 11\nSize of the tree: 21\n',21,11,11
data,3,9,weka.classifiers.trees.J48,'-C 0.25 -M 2',-2.18E+17,20201212.07,818,90,90,0,0,100,0,0,1,0.00091,0.003995,0.268086,0.969492,109.929783,0.178746,109.751037,1.221442,0.001986,1.219456,109.751037,1.219456,99.8374,1,57,0,0,1,33,0,0,1,1,1,1,1,1,1,0,1,0,1,1,1,1,1,1,1,1,0.005,0.001,0,0,0,0,6667,110523,13699,100,33.333333,'Number of leaves: 9\nSize of the tree: 17\n',17,9,9
data,3,10,weka.classifiers.trees.J48,'-C 0.25 -M 2',-2.18E+17,20201212.07,818,90,88,2,0,97.777778,2.222222,0,0.957214,0.015694,0.114281,4.624975,27.733958,109.929783,2148.172634,-2038.242852,1.221442,23.868585,-22.647143,105.540111,1.172668,96.006841,0.964912,55,0,0,1,33,0.035088,2,1,0.964912,0.982143,0.953821,0.982456,0.987135,0.977778,0.005451,0.994549,0.022222,0.979578,0.977778,0.978055,0.957667,0.98842,0.98213,0.965536,0.977778,0.006,0.001,0.015625,0,15.625,0,6667,110523,13699,97.777778,33.703704,'Number of leaves: 9\nSize of the tree: 17\n',17,9,9
data,4,1,weka.classifiers.trees.J48,'-C 0.25 -M 2',-2.18E+17,20201212.07,817,91,88,3,0,96.703297,3.296703,0,0.935659,0.020391,0.126865,6.025803,30.883587,110.586637,1081.350894,-970.764257,1.215238,11.882977,-10.667739,103.262389,1.134752,93.376915,0.982759,57,0,0,1,33,0.017241,1,1,0.982759,0.991304,0.976654,0.998433,0.998384,0.967033,0.006227,0.993773,0.032967,0.96978,0.967033,0.968084,0.953135,0.990701,0.968434,0.917614,0.967033,0.006,0,0,0,0,0,7071,110390,13832,97.802198,33.699634,'Number of leaves: 10\nSize of the tree: 19\n',19,10,10
data,4,2,weka.classifiers.trees.J48,'-C 0.25 -M 2',-2.18E+17,20201212.07,817,91,90,1,0,98.901099,1.098901,0,0.978193,0.009,0.086168,2.659541,20.976382,110.586637,1074.343191,-963.756554,1.215238,11.805969,-10.590731,106.446728,1.169744,96.256411,1,58,0,0,1,33,0,0,1,1,1,1,1,1,0.989011,0.004396,0.995604,0.010989,0.989418,0.989011,0.988692,0.986368,0.992242,0.979274,0.96807,0.989011,0.004,0,0.015625,0,15.625,0,6667,110390,13832,98.901099,34.065934,'Number of leaves: 9\nSize of the tree: 17\n',17,9,9
data,4,3,weka.classifiers.trees.J48,'-C 0.25 -M 2',-2.18E+17,20201212.07,817,91,90,1,0,98.901099,1.098901,0,0.978553,0.009559,0.077669,2.824756,18.90745,110.586637,1074.449282,-963.862646,1.215238,11.807135,-10.591897,108.029581,1.187138,97.687735,0.982759,57,0,0,1,33,0.017241,1,1,0.982759,0.991304,0.976654,0.989551,0.993748,0.989011,0.000916,0.999084,0.010989,0.990385,0.989011,0.98933,0.979723,0.99334,0.996015,0.974879,0.989011,0.004,0,0,0,0,0,6263,110390,13832,98.901099,34.065934,'Number of leaves: 8\nSize of the tree: 15\n',15,8,8
data,4,4,weka.classifiers.trees.J48,'-C 0.25 -M 2',-2.18E+17,20201212.07,817,91,91,0,0,100,0,0,1,0.000758,0.003615,0.223961,0.879966,110.586637,0.150546,110.436091,1.215238,0.001654,1.213583,110.436091,1.213583,99.863866,1,58,0,0,1,33,0,0,1,1,1,1,1,1,1,0,1,0,1,1,1,1,1,1,1,1,0.008,0,0.015625,0,15.625,0,6667,110390,13832,100,33.333333,'Number of leaves: 9\nSize of the tree: 17\n',17,9,9
data,4,5,weka.classifiers.trees.J48,'-C 0.25 -M 2',-2.18E+17,20201212.07,817,91,88,3,0,96.703297,3.296703,0,0.935659,0.025861,0.151088,7.642425,36.780137,110.586637,3222.873528,-3112.286892,1.215238,35.416193,-34.200955,101.522124,1.115628,91.803248,0.982759,57,0,0,1,33,0.017241,1,1,0.982759,0.991304,0.976654,0.989812,0.993748,0.967033,0.006227,0.993773,0.032967,0.96978,0.967033,0.968084,0.953135,0.978027,0.950972,0.917614,0.967033,0.007,0,0,0,0,0,6667,110390,13832,96.703297,33.699634,'Number of leaves: 9\nSize of the tree: 17\n',17,9,9
data,4,6,weka.classifiers.trees.J48,'-C 0.25 -M 2',-2.18E+17,20201212.07,817,91,89,2,0,97.802198,2.197802,0,0.957297,0.016606,0.12185,4.907241,29.66261,110.586637,2148.412902,-2037.826265,1.215238,23.608933,-22.393695,105.779469,1.162412,95.65303,0.982759,57,0,0,1,33,0.017241,1,1,0.982759,0.991304,0.976654,0.991379,0.993748,0.978022,0.001832,0.998168,0.021978,0.982906,0.978022,0.97924,0.967546,0.987926,0.971072,0.948899,0.978022,0.008,0.001,0,0,0,0,6263,110390,13832,97.802198,34.798535,'Number of leaves: 8\nSize of the tree: 15\n',15,8,8
data,4,7,weka.classifiers.trees.J48,'-C 0.25 -M 2',-2.18E+17,20201212.07,817,91,89,2,0,97.802198,2.197802,0,0.956584,0.01541,0.121099,4.55388,29.479951,110.586637,2148.150546,-2037.563909,1.215238,23.60605,-22.390812,104.35288,1.146735,94.363011,1,58,0,0,1,33,0,0,1,1,1,1,1,1,0.978022,0.005311,0.994689,0.021978,0.978022,0.978022,0.978022,0.972711,0.985456,0.962021,0.93956,0.978022,0.008,0,0.015625,0,15.625,0,7879,110390,13832,97.802198,33.333333,'Number of leaves: 12\nSize of the tree: 23\n',23,12,12
data,4,8,weka.classifiers.trees.J48,'-C 0.25 -M 2',-2.18E+17,20201212.07,817,91,89,2,0,97.802198,2.197802,0,0.956913,0.016551,0.116127,4.85854,28.058168,111.733776,1078.481211,-966.747434,1.227844,11.851442,-10.623598,105.258807,1.15669,94.205002,1,57,0.029412,1,0.970588,33,0,0,0.982759,1,0.991304,0.976654,0.999742,0.999698,0.978022,0.019339,0.980661,0.021978,0.978211,0.978022,0.977966,0.965678,0.992676,0.980221,0.943193,0.978022,0.005,0,0,0,0,0,6263,110390,13832,98.901099,34.798535,'Number of leaves: 8\nSize of the tree: 15\n',15,8,8
data,4,9,weka.classifiers.trees.J48,'-C 0.25 -M 2',-2.18E+17,20201212.07,818,90,89,1,0,98.888889,1.111111,0,0.97792,0.008865,0.086274,2.612428,20.93717,109.929783,1074.288566,-964.358783,1.221442,11.93654,-10.715098,105.84289,1.176032,96.282269,1,57,0.030303,1,0.969697,32,0,0,0.982759,1,0.991304,0.976206,0.984848,0.982759,0.988889,0.019192,0.980808,0.011111,0.98908,0.988889,0.98851,0.978731,0.984848,0.978834,0.97146,0.988889,0.004,0,0,0,0,0,6263,110523,13699,98.888889,33.333333,'Number of leaves: 8\nSize of the tree: 15\n',15,8,8
data,4,10,weka.classifiers.trees.J48,'-C 0.25 -M 2',-2.18E+17,20201212.07,818,90,90,0,0,100,0,0,1,0.00091,0.003995,0.268086,0.969492,109.929783,0.178746,109.751037,1.221442,0.001986,1.219456,109.751037,1.219456,99.8374,1,57,0,0,1,33,0,0,1,1,1,1,1,1,1,0,1,0,1,1,1,1,1,1,1,1,0.005,0,0.015625,0,15.625,0,6667,110523,13699,100,33.333333,'Number of leaves: 9\nSize of the tree: 17\n',17,9,9
data,5,1,weka.classifiers.trees.J48,'-C 0.25 -M 2',-2.18E+17,20201212.07,817,91,91,0,0,100,0,0,1,0.002625,0.01134,0.775777,2.760467,110.586637,0.535012,110.051624,1.215238,0.005879,1.209359,110.051624,1.209359,99.516205,1,58,0,0,1,33,0,0,1,1,1,1,1,1,1,0,1,0,1,1,1,1,1,1,1,1,0.004,0,0,0,0,0,6263,110390,13832,100,34.065934,'Number of leaves: 8\nSize of the tree: 15\n',15,8,8
data,5,2,weka.classifiers.trees.J48,'-C 0.25 -M 2',-2.18E+17,20201212.07,817,91,89,2,0,97.802198,2.197802,0,0.95625,0.015385,0.120599,4.546415,29.358161,110.586637,2148.145485,-2037.558849,1.215238,23.605994,-22.390757,104.357941,1.146791,94.367587,1,58,0.030303,1,0.969697,32,0,0,0.983051,1,0.991453,0.976351,0.984848,0.983051,0.978022,0.02023,0.97977,0.021978,0.978208,0.978022,0.977961,0.965343,0.978896,0.961785,0.942996,0.978022,0.007,0,0.015625,0,15.625,0,6263,110390,13832,97.802198,33.333333,'Number of leaves: 8\nSize of the tree: 15\n',15,8,8
data,5,3,weka.classifiers.trees.J48,'-C 0.25 -M 2',-2.18E+17,20201212.07,817,91,88,3,0,96.703297,3.296703,0,0.93614,0.023199,0.145926,6.855705,35.523506,110.586637,1086.107239,-975.520602,1.215238,11.935244,-10.720007,102.329409,1.124499,92.53325,0.965517,56,0,0,1,33,0.034483,2,1,0.965517,0.982456,0.95412,0.996865,0.996767,0.967033,0.006227,0.993773,0.032967,0.970187,0.967033,0.968043,0.946651,0.989394,0.96073,0.921196,0.967033,0.004,0.001,0,0,0,0,6667,110390,13832,96.703297,33.333333,'Number of leaves: 9\nSize of the tree: 17\n',17,9,9
data,5,4,weka.classifiers.trees.J48,'-C 0.25 -M 2',-2.18E+17,20201212.07,817,91,90,1,0,98.901099,1.098901,0,0.978553,0.010149,0.086105,2.999141,20.960992,110.586637,1074.585536,-963.9989,1.215238,11.808632,-10.593395,107.893327,1.185641,97.564525,0.982759,57,0,0,1,33,0.017241,1,1,0.982759,0.991304,0.976654,0.991379,0.993748,0.989011,0.000916,0.999084,0.010989,0.990385,0.989011,0.98933,0.979723,0.994048,0.9864,0.974879,0.989011,0.004,0,0,0,0,0,6263,110390,13832,98.901099,34.798535,'Number of leaves: 8\nSize of the tree: 15\n',15,8,8
data,5,5,weka.classifiers.trees.J48,'-C 0.25 -M 2',-2.18E+17,20201212.07,817,91,91,0,0,100,0,0,1,0.001709,0.006537,0.505157,1.59139,110.586637,0.342367,110.244269,1.215238,0.003762,1.211475,110.244269,1.211475,99.690408,1,58,0,0,1,33,0,0,1,1,1,1,1,1,1,0,1,0,1,1,1,1,1,1,1,1,0.007,0,0,0,0,0,6263,110390,13832,100,33.333333,'Number of leaves: 8\nSize of the tree: 15\n',15,8,8
data,5,6,weka.classifiers.trees.J48,'-C 0.25 -M 2',-2.18E+17,20201212.07,817,91,88,3,0,96.703297,3.296703,0,0.932725,0.024666,0.14886,7.289278,36.237774,110.586637,3222.550411,-3111.963775,1.215238,35.412642,-34.197404,100.156297,1.100619,90.568174,1,58,0.090909,3,0.909091,30,0,0,0.95082,1,0.97479,0.929721,0.954545,0.95082,0.967033,0.057942,0.942058,0.032967,0.968654,0.967033,0.965509,0.934856,0.953992,0.940518,0.929505,0.967033,0.004,0,0,0,0,0,6263,110390,13832,96.703297,33.699634,'Number of leaves: 8\nSize of the tree: 15\n',15,8,8
data,5,7,weka.classifiers.trees.J48,'-C 0.25 -M 2',-2.18E+17,20201212.07,817,91,89,2,0,97.802198,2.197802,0,0.955707,0.014641,0.095503,4.326808,23.248753,110.586637,1076.081364,-965.494727,1.215238,11.82507,-10.609832,104.708555,1.150643,94.684636,1,58,0.060606,2,0.939394,31,0,0,0.966667,1,0.983051,0.952933,1,1,0.978022,0.038628,0.961372,0.021978,0.978755,0.978022,0.977678,0.956196,0.994356,0.989449,0.962173,0.978022,0.005,0,0,0,0,0,7071,110390,13832,98.901099,34.432234,'Number of leaves: 10\nSize of the tree: 19\n',19,10,10
data,5,8,weka.classifiers.trees.J48,'-C 0.25 -M 2',-2.18E+17,20201212.07,817,91,86,5,0,94.505495,5.494505,0,0.894038,0.034119,0.154246,10.015573,37.268168,111.733776,1087.487845,-975.754068,1.227844,11.950416,-10.722572,100.359007,1.102846,89.819758,0.982456,56,0.029412,1,0.970588,33,0.017544,1,0.982456,0.982456,0.982456,0.953044,0.976522,0.976209,0.945055,0.025806,0.974194,0.054945,0.951502,0.945055,0.946957,0.918517,0.978361,0.960039,0.885178,0.945055,0.005,0,0,0,0,0,6667,110390,13832,97.802198,34.798535,'Number of leaves: 9\nSize of the tree: 17\n',17,9,9
data,5,9,weka.classifiers.trees.J48,'-C 0.25 -M 2',-2.18E+17,20201212.07,818,90,88,2,0,97.777778,2.222222,0,0.957407,0.016814,0.117289,4.955037,28.46379,109.929783,10.447285,99.482498,1.221442,0.116081,1.105361,105.313105,1.170146,95.80034,0.964912,55,0,0,1,33,0.035088,2,1,0.964912,0.982143,0.953821,0.996279,0.996162,0.977778,0.001874,0.998126,0.022222,0.982716,0.977778,0.978968,0.960738,0.996706,0.980285,0.952381,0.977778,0.004,0,0.015625,0,15.625,0,5859,110523,13699,97.777778,33.333333,'Number of leaves: 7\nSize of the tree: 13\n',13,7,7
data,5,10,weka.classifiers.trees.J48,'-C 0.25 -M 2',-2.18E+17,20201212.07,818,90,89,1,0,98.888889,1.111111,0,0.978287,0.010988,0.085346,3.238099,20.711925,109.929783,6.66216,103.267623,1.221442,0.074024,1.147418,106.91122,1.187902,97.2541,1,57,0,0,1,33,0,0,1,1,1,1,1,1,0.988889,0.000937,0.999063,0.011111,0.990278,0.988889,0.98915,0.98674,0.998577,0.987421,0.971242,0.988889,0.004,0,0,0,0,0,6263,110523,13699,98.888889,34.814815,'Number of leaves: 8\nSize of the tree: 15\n',15,8,8
data,6,1,weka.classifiers.trees.J48,'-C 0.25 -M 2',-2.18E+17,20201212.07,817,91,89,2,0,97.802198,2.197802,0,0.956187,0.015273,0.121089,4.483324,29.257005,111.733776,2148.12331,-2036.389534,1.227844,23.605751,-22.377907,104.017031,1.143044,93.093632,1,57,0.058824,2,0.941176,32,0,0,0.966102,1,0.982759,0.953558,0.970588,0.966102,0.978022,0.036846,0.963154,0.021978,0.978767,0.978022,0.97638,0.958238,0.970588,0.95848,0.938697,0.978022,0.007,0,0,0,0,0,6667,110390,13832,97.802198,33.333333,'Number of leaves: 9\nSize of the tree: 17\n',17,9,9
data,6,2,weka.classifiers.trees.J48,'-C 0.25 -M 2',-2.18E+17,20201212.07,817,91,89,2,0,97.802198,2.197802,0,0.95625,0.014904,0.095655,4.404428,23.285956,110.586637,9.794481,100.792155,1.215238,0.107632,1.107606,105.012267,1.153981,94.959274,1,58,0.030303,1,0.969697,32,0,0,0.983051,1,0.991453,0.976351,0.98511,0.983343,0.978022,0.02023,0.97977,0.021978,0.978208,0.978022,0.977961,0.965343,0.98665,0.979578,0.942996,0.978022,0.005,0,0,0,0,0,6667,110390,13832,98.901099,33.699634,'Number of leaves: 9\nSize of the tree: 17\n',17,9,9
data,6,3,weka.classifiers.trees.J48,'-C 0.25 -M 2',-2.18E+17,20201212.07,817,91,90,1,0,98.901099,1.098901,0,0.978553,0.009571,0.082716,2.828415,20.136025,110.586637,5.455069,105.131567,1.215238,0.059946,1.155292,108.025296,1.187091,97.68386,0.982759,57,0,0,1,33,0.017241,1,1,0.982759,0.991304,0.976654,0.998171,0.998143,0.989011,0.000916,0.999084,0.010989,0.990385,0.989011,0.98933,0.979723,0.998377,0.989201,0.974879,0.989011,0.005,0.001,0,0,0,0,5859,110390,13832,98.901099,33.333333,'Number of leaves: 7\nSize of the tree: 13\n',13,7,7
data,6,4,weka.classifiers.trees.J48,'-C 0.25 -M 2',-2.18E+17,20201212.07,817,91,90,1,0,98.901099,1.098901,0,0.978553,0.00821,0.084954,2.426248,20.680758,110.586637,1074.175637,-963.589,1.215238,11.804128,-10.58889,108.303226,1.190145,97.935184,0.982759,57,0,0,1,33,0.017241,1,1,0.982759,0.991304,0.976654,0.991379,0.993748,0.989011,0.000916,0.999084,0.010989,0.990385,0.989011,0.98933,0.979723,0.994048,0.9864,0.974879,0.989011,0.006,0.001,0,0,0,0,6667,110390,13832,98.901099,33.333333,'Number of leaves: 9\nSize of the tree: 17\n',17,9,9
data,6,5,weka.classifiers.trees.J48,'-C 0.25 -M 2',-2.18E+17,20201212.07,817,91,89,2,0,97.802198,2.197802,0,0.957106,0.012698,0.087019,3.752596,21.183455,110.586637,1075.342367,-964.755731,1.215238,11.816949,-10.601711,107.136496,1.177324,96.880147,0.982759,57,0,0,1,33,0.017241,1,1,0.982759,0.991304,0.976654,0.989551,0.993748,0.978022,0.005311,0.994689,0.021978,0.979396,0.978022,0.978341,0.964338,0.993171,0.995608,0.962059,0.978022,0.006,0.001,0.015625,0,15.625,0,6667,110390,13832,98.901099,34.065934,'Number of leaves: 9\nSize of the tree: 17\n',17,9,9
data,6,6,weka.classifiers.trees.J48,'-C 0.25 -M 2',-2.18E+17,20201212.07,817,91,88,3,0,96.703297,3.296703,0,0.93623,0.024552,0.146879,7.255672,35.755729,110.586637,1086.350822,-975.764186,1.215238,11.937921,-10.722683,103.369666,1.13593,93.473921,0.982759,57,0,0,1,33,0.017241,1,1,0.982759,0.991304,0.976654,0.991379,0.993748,0.967033,0.002747,0.997253,0.032967,0.976923,0.967033,0.969454,0.956059,0.991103,0.966833,0.924945,0.967033,0.006,0,0,0,0,0,6263,110390,13832,96.703297,34.798535,'Number of leaves: 8\nSize of the tree: 15\n',15,8,8
data,6,7,weka.classifiers.trees.J48,'-C 0.25 -M 2',-2.18E+17,20201212.07,817,91,88,3,0,96.703297,3.296703,0,0.934673,0.023199,0.146448,6.855705,35.650584,110.586637,3222.245021,-3111.658384,1.215238,35.409286,-34.194048,101.971913,1.12057,92.209977,1,58,0.030303,1,0.969697,32,0,0,0.983051,1,0.991453,0.976351,0.999739,0.999708,0.967033,0.021146,0.978854,0.032967,0.969966,0.967033,0.967739,0.95299,0.981704,0.957488,0.917151,0.967033,0.007,0,0.015625,0,15.625,0,6263,110390,13832,96.703297,34.065934,'Number of leaves: 8\nSize of the tree: 15\n',15,8,8
data,6,8,weka.classifiers.trees.J48,'-C 0.25 -M 2',-2.18E+17,20201212.07,817,91,88,3,0,96.703297,3.296703,0,0.934876,0.02223,0.125509,6.569387,30.553293,110.586637,1083.794481,-973.207845,1.215238,11.909829,-10.694592,102.904494,1.130819,93.053281,0.982759,57,0.030303,1,0.969697,32,0.017241,1,0.982759,0.982759,0.982759,0.952456,0.976228,0.976804,0.967033,0.024625,0.975375,0.032967,0.967033,0.967033,0.967033,0.942408,0.980689,0.974985,0.933813,0.967033,0.009,0,0,0,0,0,6667,110390,13832,97.802198,34.065934,'Number of leaves: 9\nSize of the tree: 17\n',17,9,9
data,6,9,weka.classifiers.trees.J48,'-C 0.25 -M 2',-2.18E+17,20201212.07,818,90,87,3,0,96.666667,3.333333,0,0.934861,0.022861,0.143504,6.737153,34.825723,109.929783,2154.008527,-2044.078744,1.221442,23.933428,-22.711986,101.430919,1.12701,92.268825,1,57,0,0,1,33,0,0,1,1,1,1,1,1,0.966667,0.006388,0.993612,0.033333,0.969,0.966667,0.967451,0.95959,0.984968,0.959231,0.913725,0.966667,0.009,0,0.015625,0,15.625,0,7475,110523,13699,96.666667,33.703704,'Number of leaves: 11\nSize of the tree: 21\n',21,11,11
data,6,10,weka.classifiers.trees.J48,'-C 0.25 -M 2',-2.18E+17,20201212.07,818,90,89,1,0,98.888889,1.111111,0,0.978287,0.012187,0.086177,3.591535,20.913691,109.929783,6.916435,103.013348,1.221442,0.076849,1.144593,106.656945,1.185077,97.022792,1,57,0,0,1,33,0,0,1,1,1,1,1,1,0.988889,0.000937,0.999063,0.011111,0.990278,0.988889,0.98915,0.98674,0.998403,0.987191,0.971242,0.988889,0.007,0,0.015625,0,15.625,0,6263,110523,13699,98.888889,35.555556,'Number of leaves: 8\nSize of the tree: 15\n',15,8,8
data,7,1,weka.classifiers.trees.J48,'-C 0.25 -M 2',-2.18E+17,20201212.07,817,91,91,0,0,100,0,0,1,0.002853,0.014531,0.837578,3.510871,111.733776,0.591647,111.142129,1.227844,0.006502,1.221342,111.142129,1.221342,99.470485,1,57,0,0,1,34,0,0,1,1,1,1,1,1,1,0,1,0,1,1,1,1,1,1,1,1,0.005,0,0,0,0,0,6667,110390,13832,100,34.798535,'Number of leaves: 9\nSize of the tree: 17\n',17,9,9
data,7,2,weka.classifiers.trees.J48,'-C 0.25 -M 2',-2.18E+17,20201212.07,817,91,91,0,0,100,0,0,1,0.001709,0.006537,0.505157,1.59139,110.586637,0.342367,110.244269,1.215238,0.003762,1.211475,110.244269,1.211475,99.690408,1,58,0,0,1,33,0,0,1,1,1,1,1,1,1,0,1,0,1,1,1,1,1,1,1,1,0.003,0,0,0,0,0,6263,110390,13832,100,33.333333,'Number of leaves: 8\nSize of the tree: 15\n',15,8,8
data,7,3,weka.classifiers.trees.J48,'-C 0.25 -M 2',-2.18E+17,20201212.07,817,91,90,1,0,98.901099,1.098901,0,0.978025,0.009,0.086168,2.659541,20.976382,110.586637,1074.343191,-963.756554,1.215238,11.805969,-10.590731,106.446728,1.169744,96.256411,1,58,0.030303,1,0.969697,32,0,0,0.983051,1,0.991453,0.976351,0.984587,0.982764,0.989011,0.019314,0.980686,0.010989,0.989197,0.989011,0.988635,0.978801,0.984617,0.97887,0.97151,0.989011,0.003,0.001,0,0,0,0,6667,110390,13832,98.901099,34.065934,'Number of leaves: 9\nSize of the tree: 17\n',17,9,9
data,7,4,weka.classifiers.trees.J48,'-C 0.25 -M 2',-2.18E+17,20201212.07,817,91,89,2,0,97.802198,2.197802,0,0.957615,0.022847,0.129864,6.751738,31.613516,110.586637,2149.927522,-2039.340885,1.215238,23.625577,-22.410339,104.443567,1.147732,94.445017,0.965517,56,0,0,1,33,0.034483,2,1,0.965517,0.982456,0.95412,0.982759,0.987495,0.978022,0.001832,0.998168,0.021978,0.982906,0.978022,0.979203,0.960862,0.988095,0.974936,0.952485,0.978022,0.004,0,0,0,0,0,6263,110390,13832,97.802198,34.432234,'Number of leaves: 8\nSize of the tree: 15\n',15,8,8
data,7,5,weka.classifiers.trees.J48,'-C 0.25 -M 2',-2.18E+17,20201212.07,817,91,86,5,0,94.505495,5.494505,0,0.890783,0.035251,0.170246,10.417412,41.444086,110.586637,2157.945612,-2047.358976,1.215238,23.713688,-22.49845,98.248977,1.079659,88.843444,1,58,0.060606,2,0.939394,31,0,0,0.966667,1,0.983051,0.952933,0.969697,0.966667,0.945055,0.041375,0.958625,0.054945,0.953114,0.945055,0.946157,0.918852,0.967644,0.944935,0.883239,0.945055,0.004,0,0,0,0,0,5859,110390,13832,96.703297,34.432234,'Number of leaves: 7\nSize of the tree: 13\n',13,7,7
data,7,6,weka.classifiers.trees.J48,'-C 0.25 -M 2',-2.18E+17,20201212.07,817,91,87,4,0,95.604396,4.395604,0,0.914212,0.027067,0.137871,7.998759,33.562657,110.586637,1085.372911,-974.786274,1.215238,11.927175,-10.711937,101.390998,1.114187,91.684674,0.965517,56,0.030303,1,0.969697,32,0.034483,2,0.982456,0.965517,0.973913,0.929405,0.975967,0.976511,0.956044,0.025541,0.974459,0.043956,0.958598,0.956044,0.957,0.923021,0.980457,0.974799,0.911817,0.956044,0.005,0,0,0,0,0,6263,110390,13832,97.802198,34.432234,'Number of leaves: 8\nSize of the tree: 15\n',15,8,8
data,7,7,weka.classifiers.trees.J48,'-C 0.25 -M 2',-2.18E+17,20201212.07,817,91,90,1,0,98.901099,1.098901,0,0.97839,0.009111,0.085467,2.692439,20.805614,110.586637,1074.365279,-963.778643,1.215238,11.806212,-10.590974,107.934865,1.186097,97.602086,1,58,0,0,1,33,0,0,1,1,1,1,1,1,0.989011,0.000916,0.999084,0.010989,0.990385,0.989011,0.98927,0.986923,0.993963,0.982535,0.971242,0.989011,0.004,0,0,0,0,0,6263,110390,13832,98.901099,34.065934,'Number of leaves: 8\nSize of the tree: 15\n',15,8,8
data,7,8,weka.classifiers.trees.J48,'-C 0.25 -M 2',-2.18E+17,20201212.07,817,91,89,2,0,97.802198,2.197802,0,0.95625,0.01541,0.121099,4.55388,29.479951,110.586637,2148.150546,-2037.563909,1.215238,23.60605,-22.390812,104.35288,1.146735,94.363011,1,58,0.030303,1,0.969697,32,0,0,0.983051,1,0.991453,0.976351,0.984848,0.983051,0.978022,0.02023,0.97977,0.021978,0.978208,0.978022,0.977961,0.965343,0.977996,0.961785,0.942996,0.978022,0.006,0,0.015625,0,15.625,0,6667,110390,13832,97.802198,33.333333,'Number of leaves: 9\nSize of the tree: 17\n',17,9,9
data,7,9,weka.classifiers.trees.J48,'-C 0.25 -M 2',-2.18E+17,20201212.07,818,90,88,2,0,97.777778,2.222222,0,0.955632,0.017832,0.121512,5.255086,29.488812,109.929783,1082.609647,-972.679864,1.221442,12.028996,-10.807554,101.743093,1.130479,92.552801,1,57,0.030303,1,0.969697,32,0,0,0.982759,1,0.991304,0.976206,0.985114,0.983061,0.977778,0.023706,0.976294,0.022222,0.978381,0.977778,0.976079,0.964485,0.975263,0.95829,0.935257,0.977778,0.005,0,0,0,0,0,6667,110523,13699,97.777778,33.333333,'Number of leaves: 9\nSize of the tree: 17\n',17,9,9
data,7,10,weka.classifiers.trees.J48,'-C 0.25 -M 2',-2.18E+17,20201212.07,818,90,88,2,0,97.777778,2.222222,0,0.956374,0.016233,0.120472,4.783953,29.236371,109.929783,13.999955,95.929828,1.221442,0.155555,1.065887,103.566263,1.150736,94.211287,1,57,0,0,1,33,0,0,1,1,1,1,1,1,0.977778,0.005451,0.994549,0.022222,0.977778,0.977778,0.977778,0.972327,0.994927,0.968681,0.93956,0.977778,0.007,0.001,0.015625,0,15.625,0,7071,110523,13699,97.777778,33.333333,'Number of leaves: 10\nSize of the tree: 19\n',19,10,10
data,8,1,weka.classifiers.trees.J48,'-C 0.25 -M 2',-2.18E+17,20201212.07,817,91,91,0,0,100,0,0,1,0.002625,0.01134,0.775777,2.760467,110.586637,0.535012,110.051624,1.215238,0.005879,1.209359,110.051624,1.209359,99.516205,1,58,0,0,1,33,0,0,1,1,1,1,1,1,1,0,1,0,1,1,1,1,1,1,1,1,0.01,0,0,0,0,0,6263,110390,13832,100,34.065934,'Number of leaves: 8\nSize of the tree: 15\n',15,8,8
data,8,2,weka.classifiers.trees.J48,'-C 0.25 -M 2',-2.18E+17,20201212.07,817,91,88,3,0,96.703297,3.296703,0,0.935659,0.023278,0.145408,6.878984,35.397422,110.586637,2154.238031,-2043.651394,1.215238,23.672945,-22.457708,102.313996,1.12433,92.519313,0.965517,56,0.030303,1,0.969697,32,0.034483,2,0.982456,0.965517,0.973913,0.929405,0.987461,0.991862,0.967033,0.021146,0.978854,0.032967,0.969587,0.967033,0.967989,0.938405,0.985205,0.968186,0.924638,0.967033,0.006,0,0,0,0,0,6667,110390,13832,96.703297,33.699634,'Number of leaves: 9\nSize of the tree: 17\n',17,9,9
data,8,3,weka.classifiers.trees.J48,'-C 0.25 -M 2',-2.18E+17,20201212.07,817,91,88,3,0,96.703297,3.296703,0,0.934673,0.018958,0.127445,5.602307,31.0247,110.586637,1080.986101,-970.399464,1.215238,11.878968,-10.66373,103.375751,1.135997,93.479424,1,58,0.030303,1,0.969697,32,0,0,0.983051,1,0.991453,0.976351,0.984848,0.983051,0.967033,0.021146,0.978854,0.032967,0.969966,0.967033,0.967739,0.95299,0.983818,0.967574,0.917151,0.967033,0.004,0,0.015625,0,15.625,0,7475,110390,13832,97.802198,33.699634,'Number of leaves: 11\nSize of the tree: 21\n',21,11,11
data,8,4,weka.classifiers.trees.J48,'-C 0.25 -M 2',-2.18E+17,20201212.07,817,91,88,3,0,96.703297,3.296703,0,0.935946,0.019086,0.124583,5.640289,30.32799,110.586637,1081.011636,-970.424999,1.215238,11.879249,-10.664011,105.03916,1.154276,94.983592,0.982759,57,0,0,1,33,0.017241,1,1,0.982759,0.991304,0.976654,0.991379,0.993748,0.967033,0.006227,0.993773,0.032967,0.971477,0.967033,0.968036,0.951976,0.993118,0.983391,0.935827,0.967033,0.005,0,0,0,0,0,7475,110390,13832,97.802198,34.065934,'Number of leaves: 11\nSize of the tree: 21\n',21,11,11
data,8,5,weka.classifiers.trees.J48,'-C 0.25 -M 2',-2.18E+17,20201212.07,817,91,90,1,0,98.901099,1.098901,0,0.978553,0.011335,0.08692,3.349659,21.159424,110.586637,1074.839812,-964.253175,1.215238,11.811427,-10.596189,107.639051,1.182847,97.334592,0.982759,57,0,0,1,33,0.017241,1,1,0.982759,0.991304,0.976654,0.991379,0.993748,0.989011,0.000916,0.999084,0.010989,0.990385,0.989011,0.98933,0.979723,0.994048,0.9864,0.974879,0.989011,0.004,0,0,0,0,0,6263,110390,13832,98.901099,35.531136,'Number of leaves: 8\nSize of the tree: 15\n',15,8,8
data,8,6,weka.classifiers.trees.J48,'-C 0.25 -M 2',-2.18E+17,20201212.07,817,91,89,2,0,97.802198,2.197802,0,0.957297,0.016779,0.117084,4.958455,28.502407,110.586637,11.409265,99.177371,1.215238,0.125377,1.089861,105.762262,1.162223,95.637471,0.982759,57,0,0,1,33,0.017241,1,1,0.982759,0.991304,0.976654,0.99791,0.99791,0.978022,0.001832,0.998168,0.021978,0.982906,0.978022,0.97924,0.967546,0.997076,0.978988,0.948899,0.978022,0.006,0,0.015625,0,15.625,0,5859,110390,13832,97.802198,33.333333,'Number of leaves: 7\nSize of the tree: 13\n',13,7,7
data,8,7,weka.classifiers.trees.J48,'-C 0.25 -M 2',-2.18E+17,20201212.07,817,91,88,3,0,96.703297,3.296703,0,0.934673,0.023788,0.145725,7.029611,35.474702,110.586637,2154.318839,-2043.732202,1.215238,23.673833,-22.458596,101.852679,1.11926,92.102158,1,58,0.030303,1,0.969697,32,0,0,0.983051,1,0.991453,0.976351,0.999739,0.999708,0.967033,0.021146,0.978854,0.032967,0.969966,0.967033,0.967739,0.95299,0.986015,0.962673,0.917151,0.967033,0.007,0.001,0,0,0,0,6263,110390,13832,96.703297,34.065934,'Number of leaves: 8\nSize of the tree: 15\n',15,8,8
data,8,8,weka.classifiers.trees.J48,'-C 0.25 -M 2',-2.18E+17,20201212.07,817,91,87,4,0,95.604396,4.395604,0,0.914433,0.031165,0.160397,9.148319,38.754537,111.733776,2157.313886,-2045.58011,1.227844,23.706746,-22.478902,101.051477,1.110456,90.439507,0.964912,55,0.058824,2,0.941176,32,0.035088,2,0.964912,0.964912,0.964912,0.906089,0.986068,0.990637,0.956044,0.042397,0.957603,0.043956,0.956044,0.956044,0.956044,0.913647,0.984912,0.973473,0.928339,0.956044,0.005,0,0.015625,0,15.625,0,5859,110390,13832,96.703297,34.798535,'Number of leaves: 7\nSize of the tree: 13\n',13,7,7
data,8,9,weka.classifiers.trees.J48,'-C 0.25 -M 2',-2.18E+17,20201212.07,818,90,89,1,0,98.888889,1.111111,0,0.978022,0.009375,0.083712,2.76293,20.315289,109.929783,1074.392576,-964.462793,1.221442,11.937695,-10.716253,107.249666,1.191663,97.561974,1,57,0.030303,1,0.969697,32,0,0,0.982759,1,0.991304,0.976206,0.999468,0.999395,0.988889,0.019192,0.980808,0.011111,0.98908,0.988889,0.988828,0.977133,0.9935,0.991716,0.990566,0.988889,0.004,0,0,0,0,0,6667,110523,13699,98.888889,34.444444,'Number of leaves: 9\nSize of the tree: 17\n',17,9,9
data,8,10,weka.classifiers.trees.J48,'-C 0.25 -M 2',-2.18E+17,20201212.07,818,90,88,2,0,97.777778,2.222222,0,0.9567,0.016272,0.121863,4.795417,29.573972,109.929783,2148.288566,-2038.358783,1.221442,23.869873,-22.648431,103.734371,1.152604,94.36421,0.982456,56,0,0,1,33,0.017544,1,1,0.982456,0.99115,0.976504,0.989633,0.993567,0.977778,0.005451,0.994549,0.022222,0.978189,0.977778,0.977833,0.965447,0.984752,0.965456,0.943142,0.977778,0.004,0,0.015625,0,15.625,0,6667,110523,13699,97.777778,33.333333,'Number of leaves: 9\nSize of the tree: 17\n',17,9,9
data,9,1,weka.classifiers.trees.J48,'-C 0.25 -M 2',-2.18E+17,20201212.07,817,91,91,0,0,100,0,0,1,0.003663,0.01543,1.08248,3.756297,110.586637,0.755269,109.831368,1.215238,0.0083,1.206938,109.831368,1.206938,99.317034,1,58,0,0,1,33,0,0,1,1,1,1,1,1,1,0,1,0,1,1,1,1,1,1,1,1,0.005,0.002,0,0,0,0,6263,110390,13832,100,34.798535,'Number of leaves: 8\nSize of the tree: 15\n',15,8,8
data,9,2,weka.classifiers.trees.J48,'-C 0.25 -M 2',-2.18E+17,20201212.07,817,91,88,3,0,96.703297,3.296703,0,0.93623,0.021978,0.14825,6.494878,36.089331,110.586637,3222,-3111.413363,1.215238,35.406593,-34.191356,103.905878,1.141823,93.958801,0.982759,57,0,0,1,33,0.017241,1,1,0.982759,0.991304,0.976654,0.991379,0.993748,0.967033,0.002747,0.997253,0.032967,0.976923,0.967033,0.969454,0.956059,0.982143,0.957239,0.924945,0.967033,0.005,0,0.015625,0,15.625,0,6263,110390,13832,96.703297,33.333333,'Number of leaves: 8\nSize of the tree: 15\n',15,8,8
data,9,3,weka.classifiers.trees.J48,'-C 0.25 -M 2',-2.18E+17,20201212.07,817,91,91,0,0,100,0,0,1,0.009035,0.060875,2.670117,14.819103,110.586637,2.342367,108.244269,1.215238,0.02574,1.189497,108.028722,1.187129,97.686959,1,58,0,0,1,33,0,0,1,1,1,1,1,1,1,0,1,0,1,1,1,1,1,1,1,1,0.006,0,0,0,0,0,6667,110390,13832,100,34.065934,'Number of leaves: 9\nSize of the tree: 17\n',17,9,9
data,9,4,weka.classifiers.trees.J48,'-C 0.25 -M 2',-2.18E+17,20201212.07,817,91,88,3,0,96.703297,3.296703,0,0.93294,0.018803,0.124803,5.556729,30.381638,110.586637,1078.09699,-967.510354,1.215238,11.84722,-10.631982,102.692929,1.128494,92.861969,1,58,0.060606,2,0.939394,31,0,0,0.966667,1,0.983051,0.952933,1,1,0.967033,0.043024,0.956976,0.032967,0.968173,0.967033,0.962827,0.942709,0.992308,0.979274,0.897152,0.967033,0.006,0,0.015625,0,15.625,0,6263,110390,13832,98.901099,34.065934,'Number of leaves: 8\nSize of the tree: 15\n',15,8,8
data,9,5,weka.classifiers.trees.J48,'-C 0.25 -M 2',-2.18E+17,20201212.07,817,91,90,1,0,98.901099,1.098901,0,0.978456,0.009035,0.075768,2.670117,18.444568,110.586637,1074.342367,-963.755731,1.215238,11.80596,-10.590722,108.136496,1.188313,97.784415,0.982759,57,0,0,1,33,0.017241,1,1,0.982759,0.991304,0.976654,0.989551,0.993748,0.989011,0.004396,0.995604,0.010989,0.989418,0.989011,0.989067,0.977614,0.99334,0.996015,0.990812,0.989011,0.006,0.001,0,0,0,0,6667,110390,13832,98.901099,33.699634,'Number of leaves: 9\nSize of the tree: 17\n',17,9,9
data,9,6,weka.classifiers.trees.J48,'-C 0.25 -M 2',-2.18E+17,20201212.07,817,91,90,1,0,98.901099,1.098901,0,0.978125,0.008714,0.083178,2.575162,20.248406,110.586637,1074.278281,-963.691645,1.215238,11.805256,-10.590018,108.021863,1.187053,97.680756,1,58,0.030303,1,0.969697,32,0,0,0.983051,1,0.991453,0.976351,0.999739,0.999708,0.989011,0.019314,0.980686,0.010989,0.989197,0.989011,0.98895,0.977248,0.993747,0.991964,0.990615,0.989011,0.007,0,0.015625,0,15.625,0,6667,110390,13832,98.901099,34.065934,'Number of leaves: 9\nSize of the tree: 17\n',17,9,9
data,9,7,weka.classifiers.trees.J48,'-C 0.25 -M 2',-2.18E+17,20201212.07,817,91,89,2,0,97.802198,2.197802,0,0.955847,0.015834,0.119379,4.679106,29.061126,110.586637,2148.236529,-2037.649892,1.215238,23.606995,-22.391757,102.756672,1.129194,92.919611,1,58,0.030303,1,0.969697,32,0,0,0.983051,1,0.991453,0.976351,1,1,0.978022,0.02371,0.97629,0.021978,0.978615,0.978022,0.976341,0.964749,0.986813,0.969131,0.935306,0.978022,0.002,0,0,0,0,0,6263,110390,13832,97.802198,33.699634,'Number of leaves: 8\nSize of the tree: 15\n',15,8,8
data,9,8,weka.classifiers.trees.J48,'-C 0.25 -M 2',-2.18E+17,20201212.07,817,91,91,0,0,100,0,0,1,0.006218,0.023726,1.8252,5.732585,111.733776,1.3064,110.427377,1.227844,0.014356,1.213488,110.427377,1.213488,98.830793,1,57,0,0,1,34,0,0,1,1,1,1,1,1,1,0,1,0,1,1,1,1,1,1,1,1,0.002,0,0,0,0,0,6263,110390,13832,100,36.263736,'Number of leaves: 8\nSize of the tree: 15\n',15,8,8
data,9,9,weka.classifiers.trees.J48,'-C 0.25 -M 2',-2.18E+17,20201212.07,818,90,87,3,0,96.666667,3.333333,0,0.935345,0.028384,0.145131,8.364768,35.22075,109.929783,1084.718445,-974.788662,1.221442,12.052427,-10.830985,100.45924,1.116214,91.384916,0.982456,56,0,0,1,33,0.017544,1,1,0.982456,0.99115,0.976504,0.998139,0.998081,0.966667,0.006388,0.993612,0.033333,0.969444,0.966667,0.967729,0.952693,0.988656,0.957884,0.917563,0.966667,0.002,0,0,0,0,0,6263,110523,13699,97.777778,38.518519,'Number of leaves: 8\nSize of the tree: 15\n',15,8,8
data,9,10,weka.classifiers.trees.J48,'-C 0.25 -M 2',-2.18E+17,20201212.07,818,90,87,3,0,96.666667,3.333333,0,0.935345,0.023536,0.146213,6.936269,35.48326,109.929783,2154.238031,-2044.308248,1.221442,23.935978,-22.714536,101.654043,1.129489,92.471795,0.964912,55,0.030303,1,0.969697,32,0.035088,2,0.982143,0.964912,0.973451,0.928947,0.987241,0.991618,0.966667,0.021066,0.978934,0.033333,0.969246,0.966667,0.96763,0.938198,0.985025,0.967778,0.924484,0.966667,0.002,0.001,0,0,0,0,6667,110523,13699,96.666667,33.703704,'Number of leaves: 9\nSize of the tree: 17\n',17,9,9
data,10,1,weka.classifiers.trees.J48,'-C 0.25 -M 2',-2.18E+17,20201212.07,817,91,89,2,0,97.802198,2.197802,0,0.957217,0.01541,0.121099,4.523545,29.259543,111.733776,2148.150546,-2036.416769,1.227844,23.60605,-22.378206,105.496362,1.159301,94.417611,1,57,0,0,1,34,0,0,1,1,1,1,1,1,0.978022,0.005552,0.994448,0.021978,0.978022,0.978022,0.978022,0.97247,0.985328,0.962127,0.940035,0.978022,0.004,0,0,0,0,0,7071,110390,13832,97.802198,33.333333,'Number of leaves: 10\nSize of the tree: 19\n',19,10,10
data,10,2,weka.classifiers.trees.J48,'-C 0.25 -M 2',-2.18E+17,20201212.07,817,91,90,1,0,98.901099,1.098901,0,0.97839,0.009951,0.08634,2.940736,21.018249,110.586637,1074.535012,-963.948376,1.215238,11.808077,-10.592839,107.765132,1.184232,97.448602,1,58,0,0,1,33,0,0,1,1,1,1,1,1,0.989011,0.000916,0.999084,0.010989,0.990385,0.989011,0.98927,0.986923,0.992913,0.982535,0.971242,0.989011,0.004,0,0.015625,0,15.625,0,6263,110390,13832,98.901099,34.065934,'Number of leaves: 8\nSize of the tree: 15\n',15,8,8
data,10,3,weka.classifiers.trees.J48,'-C 0.25 -M 2',-2.18E+17,20201212.07,817,91,88,3,0,96.703297,3.296703,0,0.933252,0.020778,0.127758,6.140167,31.100878,110.586637,2149.833728,-2039.247091,1.215238,23.624546,-22.409309,101.159473,1.111643,91.475314,1,58,0.060606,2,0.939394,31,0,0,0.966667,1,0.983051,0.952933,1,1,0.967033,0.043024,0.956976,0.032967,0.967766,0.967033,0.965388,0.941945,0.986644,0.968361,0.925974,0.967033,0.003,0,0,0,0,0,7071,110390,13832,97.802198,34.065934,'Number of leaves: 10\nSize of the tree: 19\n',19,10,10
data,10,4,weka.classifiers.trees.J48,'-C 0.25 -M 2',-2.18E+17,20201212.07,817,91,90,1,0,98.901099,1.098901,0,0.978553,0.008767,0.064074,2.590853,15.597843,110.586637,2.458491,108.128146,1.215238,0.027016,1.188221,108.190297,1.188904,97.833066,0.982759,57,0,0,1,33,0.017241,1,1,0.982759,0.991304,0.976654,0.999739,0.999708,0.989011,0.000916,0.999084,0.010989,0.990385,0.989011,0.98933,0.979723,0.999768,0.99844,0.974879,0.989011,0.003,0,0,0,0,0,6667,110390,13832,100,34.065934,'Number of leaves: 9\nSize of the tree: 17\n',17,9,9
data,10,5,weka.classifiers.trees.J48,'-C 0.25 -M 2',-2.18E+17,20201212.07,817,91,90,1,0,98.901099,1.098901,0,0.978553,0.00821,0.084954,2.426248,20.680758,110.586637,1074.175637,-963.589,1.215238,11.804128,-10.58889,108.303226,1.190145,97.935184,0.982759,57,0,0,1,33,0.017241,1,1,0.982759,0.991304,0.976654,0.991379,0.993748,0.989011,0.000916,0.999084,0.010989,0.990385,0.989011,0.98933,0.979723,0.994048,0.9864,0.974879,0.989011,0.002,0,0,0,0,0,6667,110390,13832,98.901099,33.333333,'Number of leaves: 9\nSize of the tree: 17\n',17,9,9
data,10,6,weka.classifiers.trees.J48,'-C 0.25 -M 2',-2.18E+17,20201212.07,817,91,89,2,0,97.802198,2.197802,0,0.956974,0.018661,0.121487,5.514618,29.574214,110.586637,2148.839812,-2038.253175,1.215238,23.613624,-22.398387,105.17384,1.155756,95.105379,1,58,0,0,1,33,0,0,1,1,1,1,1,1,0.978022,0.001832,0.998168,0.021978,0.982906,0.978022,0.978956,0.974767,0.987588,0.967207,0.945,0.978022,0.002,0,0.015625,0,15.625,0,6263,110390,13832,97.802198,35.531136,'Number of leaves: 8\nSize of the tree: 15\n',15,8,8
data,10,7,weka.classifiers.trees.J48,'-C 0.25 -M 2',-2.18E+17,20201212.07,817,91,91,0,0,100,0,0,1,0.001709,0.006537,0.505157,1.59139,110.586637,0.342367,110.244269,1.215238,0.003762,1.211475,110.244269,1.211475,99.690408,1,58,0,0,1,33,0,0,1,1,1,1,1,1,1,0,1,0,1,1,1,1,1,1,1,1,0.003,0,0,0,0,0,6263,110390,13832,100,33.333333,'Number of leaves: 8\nSize of the tree: 15\n',15,8,8
data,10,8,weka.classifiers.trees.J48,'-C 0.25 -M 2',-2.18E+17,20201212.07,817,91,88,3,0,96.703297,3.296703,0,0.936423,0.019184,0.121442,5.669258,29.563358,110.586637,2149.172634,-2038.585998,1.215238,23.617282,-22.402044,105.198455,1.156027,95.127638,0.965517,56,0,0,1,33,0.034483,2,1,0.965517,0.982456,0.95412,0.982759,0.987495,0.967033,0.006227,0.993773,0.032967,0.971917,0.967033,0.968214,0.945477,0.988384,0.982008,0.939665,0.967033,0.003,0,0,0,0,0,6667,110390,13832,97.802198,34.065934,'Number of leaves: 9\nSize of the tree: 17\n',17,9,9
data,10,9,weka.classifiers.trees.J48,'-C 0.25 -M 2',-2.18E+17,20201212.07,818,90,89,1,0,98.888889,1.111111,0,0.97792,0.008865,0.086274,2.612428,20.93717,109.929783,1074.288566,-964.358783,1.221442,11.93654,-10.715098,105.84289,1.176032,96.282269,1,57,0.030303,1,0.969697,32,0,0,0.982759,1,0.991304,0.976206,0.984848,0.982759,0.988889,0.019192,0.980808,0.011111,0.98908,0.988889,0.98851,0.978731,0.984848,0.978834,0.97146,0.988889,0.004,0,0.015625,0,15.625,0,6263,110523,13699,98.888889,33.333333,'Number of leaves: 8\nSize of the tree: 15\n',15,8,8
data,10,10,weka.classifiers.trees.J48,'-C 0.25 -M 2',-2.18E+17,20201212.07,818,90,88,2,0,97.777778,2.222222,0,0.956044,0.016151,0.118568,4.75963,28.7742,109.929783,1080.219303,-970.28952,1.221442,12.002437,-10.780995,103.579195,1.15088,94.223051,1,57,0.030303,1,0.969697,32,0,0,0.982759,1,0.991304,0.976206,1,1,0.977778,0.020129,0.979871,0.022222,0.977969,0.977778,0.977717,0.965085,0.993281,0.977872,0.942946,0.977778,0.004,0,0,0,0,0,6263,110523,13699,97.777778,33.703704,'Number of leaves: 8\nSize of the tree: 15\n',15,8,8
